Workbook

Sheet Blackbutt
A1: File | B1: Vegetation | C1: Thermal Energy (kW/m2) | D1: Std Err | E1: R_sqrd | F1: D pos | G1: D ht | H1: D fwhm | I1: D area | J1: D %area | K1: D fwhm/G fwhm | L1: Ad/AG | M1: Band sepration | N1: G_G pos | O1: G_G ht | P1: G_G fwhm | Q1: G_G area | R1: G_G %area | S1: S_L pos | T1: S_L ht | U1: S_L fwhm | V1: S_L area | W1: S_L %area | X1: S pos | Y1: S ht | Z1: S fwhm | AA1: S area | AB1: S %area | AC1: D_S pos | AD1: D_S ht | AE1: D_S fwhm | AF1: D_S area | AG1: D_S %area | AH1: A_1 pos | AI1: A_1 ht | AJ1: A_1 fwhm | AK1: A_1 area | AL1: A_1 %area | AM1: A_2 pos | AN1: A_2 ht | AO1: A_2 fwhm | AP1: A_2 area | AQ1: A_2 %area | AR1: G_L pos | AS1: G_L ht | AT1: G_L fwhm | AU1: G_L area | AV1: G_L %area | AW1: C pos | AX1: C ht | AY1: C fwhm | AZ1: C area | BA1: C %area
A2: data/Blackbutt Eucalyptus/BE- 25 (2).txt | B2: Blackbutt | C2: 25 | D2: 41.21 counts | E2: 0.993322 | F2: 1365 | G2: 36427 | H2: 200 | I2: 7755068 | J2: 47.9 | K2: 1.8018018 | L2: 1.3437247 | M2: 223 | N2: 1588 | O2: 48845 | P2: 111 | Q2: 5771322 | R2: 35.6 | S2: 1073 | T2: 3661 | U2: 166 | V2: 646904 | W2: 4 | X2: 1188 | Y2: 7865 | Z2: 112 | AA2: 937668 | AB2: 5.8 | AC2: 1264 | AD2: 1537 | AE2: 50 | AF2: 81804 | AG2: 0.5 | AH2: 1458 | AI2: 1819 | AJ2: 50 | AK2: 96813 | AL2: 0.6 | AM2: 1492 | AN2: 5745 | AO2: 50 | AP2: 305768 | AQ2: 1.9 | AR2: 1592 | AS2: 2701 | AT2: 50 | AU2: 143756 | AV2: 0.9 | AW2: 1734 | AX2: 4269 | AY2: 100 | AZ2: 454421 | BA2: 2.8
A3: data/Blackbutt Eucalyptus/BE- 25 (3).txt | B3: Blackbutt | C3: 25 | D3: 41.71 counts | E3: 0.995251 | F3: 1365 | G3: 43981 | H3: 200 | I3: 9363265 | J3: 47.8 | K3: 1.8348624 | L3: 1.4034379 | M3: 223 | N3: 1588 | O3: 57501 | P3: 109 | Q3: 6671663 | R3: 34.1 | S3: 1073 | T3: 4547 | U3: 160 | V3: 774421 | W3: 4 | X3: 1194 | Y3: 9663 | Z3: 118 | AA3: 1213742 | AB3: 6.2 | AC3: 1272 | AD3: 363 | AE3: 50 | AF3: 19320 | AG3: 0.1 | AH3: 1458 | AI3: 3747 | AJ3: 50 | AK3: 199428 | AL3: 1 | AM3: 1498 | AN3: 8381 | AO3: 52 | AP3: 463908 | AQ3: 2.4 | AR3: 1586 | AS3: 3831 | AT3: 50 | AU3: 203899 | AV3: 1 | AW3: 1732 | AX3: 5745 | AY3: 108 | AZ3: 660459 | BA3: 3.4
A4: data/Blackbutt Eucalyptus/BE- 25 (4).txt | B4: Blackbutt | C4: 25 | D4: 28.01 counts | E4: 0.995017 | F4: 1365 | G4: 29209 | H4: 200 | I4: 6218404 | J4: 48.8 | K4: 1.8348624 | L4: 1.4439339 | M4: 221 | N4: 1586 | O4: 37117 | P4: 109 | Q4: 4306571 | R4: 33.8 | S4: 1073 | T4: 2979 | U4: 180 | V4: 570789 | W4: 4.5 | X4: 1192 | Y4: 5929 | Z4: 116 | AA4: 732102 | AB4: 5.7 | AC4: 1268 | AD4: 485 | AE4: 50 | AF4: 25813 | AG4: 0.2 | AH4: 1458 | AI4: 2019 | AJ4: 50 | AK4: 107458 | AL4: 0.8 | AM4: 1494 | AN4: 4313 | AO4: 50 | AP4: 229552 | AQ4: 1.8 | AR4: 1594 | AS4: 3267 | AT4: 50 | AU4: 173881 | AV4: 1.4 | AW4: 1728 | AX4: 3467 | AY4: 104 | AZ4: 383813 | BA4: 3
A5: data/Blackbutt Eucalyptus/BE- 25 (5).txt | B5: Blackbutt | C5: 25 | D5: 21.74 counts | E5: 0.993975 | F5: 1365 | G5: 21091 | H5: 200 | I5: 4490135 | J5: 49.9 | K5: 1.980198 | L5: 1.5129272 | M5: 225 | N5: 1590 | O5: 27605 | P5: 101 | Q5: 2967846 | R5: 33 | S5: 1073 | T5: 2047 | U5: 172 | V5: 374782 | W5: 4.2 | X5: 1188 | Y5: 4217 | Z5: 114 | AA5: 511730 | AB5: 5.7 | AC5: 1266 | AD5: 463 | AE5: 50 | AF5: 24642 | AG5: 0.3 | AH5: 1458 | AI5: 1063 | AJ5: 50 | AK5: 56576 | AL5: 0.6 | AM5: 1498 | AN5: 4627 | AO5: 52 | AP5: 256115 | AQ5: 2.8 | AR5: 1598 | AS5: 653 | AT5: 50 | AU5: 34755 | AV5: 0.4 | AW5: 1724 | AX5: 2283 | AY5: 114 | AZ5: 277040 | BA5: 3.1
A6: data/Blackbutt Eucalyptus/BE- 35 (1).txt | B6: Blackbutt | C6: 35 | D6: 22.19 counts | E6: 0.992744 | F6: 1365 | G6: 19087 | H6: 200 | I6: 4063496 | J6: 48.4 | K6: 1.8348624 | L6: 1.447729 | M6: 221 | N6: 1586 | O6: 24191 | P6: 109 | Q6: 2806807 | R6: 33.4 | S6: 1073 | T6: 2013 | U6: 158 | V6: 338558 | W6: 4 | X6: 1192 | Y6: 4301 | Z6: 118 | AA6: 540236 | AB6: 6.4 | AC6: 1270 | AD6: 333 | AE6: 50 | AF6: 17723 | AG6: 0.2 | AH6: 1458 | AI6: 1551 | AJ6: 50 | AK6: 82549 | AL6: 1 | AM6: 1496 | AN6: 3151 | AO6: 50 | AP6: 167707 | AQ6: 2 | AR6: 1594 | AS6: 2263 | AT6: 50 | AU6: 120444 | AV6: 1.4 | AW6: 1728 | AX6: 2185 | AY6: 110 | AZ6: 255845 | BA6: 3
A7: data/Blackbutt Eucalyptus/BE- 35 (2).txt | B7: Blackbutt | C7: 35 | D7: 17.28 counts | E7: 0.99622 | F7: 1365 | G7: 19953 | H7: 200 | I7: 4247862 | J7: 46.3 | K7: 1.6806723 | L7: 1.2992311 | M7: 219 | N7: 1584 | O7: 25811 | P7: 119 | Q7: 3269520 | R7: 35.6 | S7: 1073 | T7: 2389 | U7: 174 | V7: 442484 | W7: 4.8 | X7: 1186 | Y7: 4145 | Z7: 114 | AA7: 502993 | AB7: 5.5 | AC7: 1256 | AD7: 843 | AE7: 50 | AF7: 44867 | AG7: 0.5 | AH7: 1456 | AI7: 1615 | AJ7: 50 | AK7: 85956 | AL7: 0.9 | AM7: 1488 | AN7: 2491 | AO7: 50 | AP7: 132579 | AQ7: 1.4 | AR7: 1594 | AS7: 3027 | AT7: 50 | AU7: 161107 | AV7: 1.8 | AW7: 1740 | AX7: 2395 | AY7: 114 | AZ7: 290631 | BA7: 3.2
A8: data/Blackbutt Eucalyptus/BE- 35 (3).txt | B8: Blackbutt | C8: 35 | D8: 19.46 counts | E8: 0.993667 | F8: 1365 | G8: 16225 | H8: 200 | I8: 3454196 | J8: 45.3 | K8: 1.980198 | L8: 1.2414974 | M8: 225 | N8: 1590 | O8: 25879 | P8: 101 | Q8: 2782282 | R8: 36.5 | S8: 1073 | T8: 1547 | U8: 152 | V8: 250303 | W8: 3.3 | X8: 1190 | Y8: 4203 | Z8: 112 | AA8: 501083 | AB8: 6.6 | AC8: 1258 | AD8: 601 | AE8: 50 | AF8: 31987 | AG8: 0.4 | AH8: 1458 | AI8: 2237 | AJ8: 56 | AK8: 133348 | AL8: 1.7 | AM8: 1500 | AN8: 3713 | AO8: 50 | AP8: 197618 | AQ8: 2.6 | AR8: 1592 | AS8: 447 | AT8: 50 | AU8: 23791 | AV8: 0.3 | AW8: 1730 | AX8: 1993 | AY8: 118 | AZ8: 250335 | BA8: 3.3
A9: data/Blackbutt Eucalyptus/BE- 35 (4).txt | B9: Blackbutt | C9: 35 | D9: 20.48 counts | E9: 0.993732 | F9: 1365 | G9: 18259 | H9: 200 | I9: 3887221 | J9: 46.8 | K9: 1.8348624 | L9: 1.3193698 | M9: 223 | N9: 1588 | O9: 25393 | P9: 109 | Q9: 2946271 | R9: 35.5 | S9: 1073 | T9: 1813 | U9: 148 | V9: 285622 | W9: 3.4 | X9: 1188 | Y9: 4483 | Z9: 114 | AA9: 544009 | AB9: 6.6 | AC9: 1262 | AD9: 681 | AE9: 50 | AF9: 36245 | AG9: 0.4 | AH9: 1458 | AI9: 1575 | AJ9: 54 | AK9: 90533 | AL9: 1.1 | AM9: 1492 | AN9: 3169 | AO9: 52 | AP9: 175411 | AQ9: 2.1 | AR9: 1592 | AS9: 1645 | AT9: 50 | AU9: 87552 | AV9: 1.1 | AW9: 1736 | AX9: 2135 | AY9: 110 | AZ9: 249990 | BA9: 3
A10: data/Blackbutt Eucalyptus/BE- 35 (5).txt | B10: Blackbutt | C10: 35 | D10: 19.93 counts | E10: 0.995322 | F10: 1367 | G10: 21267 | H10: 200 | I10: 4527604 | J10: 48.3 | K10: 1.8348624 | L10: 1.4366929 | M10: 221 | N10: 1588 | O10: 27161 | P10: 109 | Q10: 3151407 | R10: 33.6 | S10: 1073 | T10: 2311 | U10: 174 | V10: 428037 | W10: 4.6 | X10: 1196 | Y10: 4505 | Z10: 122 | AA10: 585042 | AB10: 6.2 | AC10: 1268 | AD10: 147 | AE10: 50 | AF10: 7824 | AG10: 0.1 | AH10: 1458 | AI10: 1627 | AJ10: 50 | AK10: 86594 | AL10: 0.9 | AM10: 1498 | AN10: 3649 | AO10: 50 | AP10: 194212 | AQ10: 2.1 | AR10: 1588 | AS10: 2109 | AT10: 50 | AU10: 112248 | AV10: 1.2 | AW10: 1732 | AX10: 2521 | AY10: 102 | AZ10: 273719 | BA10: 2.9
A11: data/Blackbutt Eucalyptus/BE- 50 (1).txt | B11: Blackbutt | C11: 50 | D11: 38.01 counts | E11: 0.996497 | F11: 1367 | G11: 44983 | H11: 200 | I11: 9576584 | J11: 46.5 | K11: 1.8348624 | L11: 1.3383972 | M11: 221 | N11: 1588 | O11: 61669 | P11: 109 | Q11: 7155263 | R11: 34.7 | S11: 1073 | T11: 4853 | U11: 178 | V11: 919523 | W11: 4.5 | X11: 1192 | Y11: 9999 | Z11: 120 | AA11: 1277233 | AB11: 6.2 | AC11: 1264 | AD11: 1583 | AE11: 50 | AF11: 84253 | AG11: 0.4 | AH11: 1458 | AI11: 4451 | AJ11: 50 | AK11: 236897 | AL11: 1.2 | AM11: 1498 | AN11: 8905 | AO11: 52 | AP11: 492912 | AQ11: 2.4 | AR11: 1586 | AS11: 3807 | AT11: 50 | AU11: 202621 | AV11: 1 | AW11: 1730 | AX11: 5797 | AY11: 106 | AZ11: 654096 | BA11: 3.2
A12: data/Blackbutt Eucalyptus/BE- 50 (2).txt | B12: Blackbutt | C12: 50 | D12: 36.10 counts | E12: 0.996335 | F12: 1365 | G12: 41725 | H12: 200 | I12: 8882977 | J12: 46 | K12: 1.8348624 | L12: 1.3177898 | M12: 223 | N12: 1588 | O12: 58097 | P12: 109 | Q12: 6740815 | R12: 34.9 | S12: 1073 | T12: 4701 | U12: 174 | V12: 870706 | W12: 4.5 | X12: 1188 | Y12: 9081 | Z12: 112 | AA12: 1082640 | AB12: 5.6 | AC12: 1260 | AD12: 1655 | AE12: 50 | AF12: 88085 | AG12: 0.5 | AH12: 1458 | AI12: 5201 | AJ12: 54 | AK12: 298960 | AL12: 1.5 | AM12: 1498 | AN12: 8167 | AO12: 50 | AP12: 434675 | AQ12: 2.3 | AR12: 1586 | AS12: 3335 | AT12: 50 | AU12: 177500 | AV12: 0.9 | AW12: 1728 | AX12: 6111 | AY12: 110 | AZ12: 715545 | BA12: 3.7
A13: data/Blackbutt Eucalyptus/BE- 50 (3).txt | B13: Blackbutt | C13: 50 | D13: 24.21 counts | E13: 0.996431 | F13: 1365 | G13: 28445 | H13: 200 | I13: 6055753 | J13: 46.6 | K13: 1.8348624 | L13: 1.3253931 | M13: 223 | N13: 1588 | O13: 39379 | P13: 109 | Q13: 4569024 | R13: 35.2 | S13: 1073 | T13: 3087 | U13: 180 | V13: 591482 | W13: 4.6 | X13: 1190 | Y13: 6047 | Z13: 116 | AA13: 746673 | AB13: 5.7 | AC13: 1262 | AD13: 645 | AE13: 50 | AF13: 34329 | AG13: 0.3 | AH13: 1458 | AI13: 3303 | AJ13: 50 | AK13: 175797 | AL13: 1.4 | AM13: 1498 | AN13: 5521 | AO13: 50 | AP13: 293846 | AQ13: 2.3 | AR13: 1590 | AS13: 2095 | AT13: 50 | AU13: 111503 | AV13: 0.9 | AW13: 1728 | AX13: 3735 | AY13: 104 | AZ13: 413482 | BA13: 3.2
... A15: data/Blackbutt Eucalyptus/BE- 50 (5).txt | B15: Blackbutt | C15: 50 | D15: 30.70 counts | E15: 0.993441 | F15: 1367 | G15: 27127 | H15: 200 | I15: 5775159 | J15: 47.2 | K15: 1.8018018 | L15: 1.3296013 | M15: 223 | N15: 1590 | O15: 36761 | P15: 111 | Q15: 4343527 | R15: 35.5 | S15: 1073 | T15: 2911 | U15: 172 | V15: 532970 | W15: 4.4 | X15: 1196 | Y15: 5953 | Z15: 118 | AA15: 747739 | AB15: 6.1 | AC15: 1270 | AD15: 337 | AE15: 50 | AF15: 17936 | AG15: 0.1 | AH15: 1458 | AI15: 2233 | AJ15: 50 | AK15: 118848 | AL15: 1 | AM15: 1498 | AN15: 5029 | AO15: 50 | AP15: 267660 | AQ15: 2.2 | AR15: 1586 | AS15: 1519 | AT15: 50 | AU15: 80846 | AV15: 0.7 | AW15: 1734 | AX15: 3085 | AY15: 106 | AZ15: 348091 | BA15: 2.8
A19: =2*SQRT(2*LN(2)) -> 2.35482 | B19: =MAX(B22:B919) -> 36426.681 | C19: =MAX(C22:C919) -> 48844.324 | D19: =MAX(D22:D919) -> 3660.9887 | E19: =MAX(E22:E919) -> 7865.0001 | F19: =MAX(F22:F919) -> 1536.8088 | G19: =MAX(G22:G919) -> 1818.5254 | H19: =MAX(H22:H919) -> 5743.3034 | I19: =MAX(I22:I919) -> 2700.9254 | ... L19: =MAX(L22:L919) -> 52526.247
A21: =A2 -> data/Blackbutt Eucalyptus/BE- 25 (2).txt | B21: D | C21: G_G | D21: S_L | E21: S | F21: D_S | G21: A_1 | H21: A_2 | I21: G_L | J21: C | K21: TOTAL | L21: Chris | M21: diff
A22: 900.27148 | B22: =$I$2*_xlfn.NORM.DIST($A22,$F$2,$H$2/$A$19,0) -> 0.01148155 | C22: =$Q$2*_xlfn.NORM.DIST($A22,$N$2,$P$2/$A$19,0) -> 2.9231264e-42 | D22: =$V$2*_xlfn.NORM.DIST($A22,$S$2,$U$2/$A$19,0) -> 181.92296 | E22: =$AA$2*_xlfn.NORM.DIST($A22,$X$2,$Z$2/$A$19,0) -> 8.8872267e-05 | F22: =$AF$2*_xlfn.NORM.DIST($A22,$AC$2,$AE$2/$A$19,0) -> 2.9200979e-61 | G22: =$AK$2*_xlfn.NORM.DIST($A22,$AH$2,$AJ$2/$A$19,0) -> 2.7408048e-147 | H22: =$AP$2*_xlfn.NORM.DIST($A22,$AM$2,$AO$2/$A$19,0) -> 1.2995458e-165 | I22: =$AU$2*_xlfn.NORM.DIST($A22,$AR$2,$AT$2/$A$19,0) -> 9.3019751e-228 | J22: =$AZ$2*_xlfn.NORM.DIST($A22,$AW$2,$AY$2/$A$19,0) -> 8.5419347e-81 | K22: =SUM(B22:J22) -> 181.93453 | L22: 66.808167 | M22: =K22-L22 -> 115.12636
A23: 901.60938 | B23: =$I$2*_xlfn.NORM.DIST($A23,$F$2,$H$2/$A$19,0) -> 0.012513537 | C23: =$Q$2*_xlfn.NORM.DIST($A23,$N$2,$P$2/$A$19,0) -> 4.4209424e-42 | D23: =$V$2*_xlfn.NORM.DIST($A23,$S$2,$U$2/$A$19,0) -> 190.54846 | E23: =$AA$2*_xlfn.NORM.DIST($A23,$X$2,$Z$2/$A$19,0) -> 0.00010531697 | F23: =$AF$2*_xlfn.NORM.DIST($A23,$AC$2,$AE$2/$A$19,0) -> 8.576363e-61 | G23: =$AK$2*_xlfn.NORM.DIST($A23,$AH$2,$AJ$2/$A$19,0) -> 1.4315553e-146 | H23: =$AP$2*_xlfn.NORM.DIST($A23,$AM$2,$AO$2/$A$19,0) -> 7.5082775e-165 | I23: =$AU$2*_xlfn.NORM.DIST($A23,$AR$2,$AT$2/$A$19,0) -> 7.2310673e-227 | J23: =$AZ$2*_xlfn.NORM.DIST($A23,$AW$2,$AY$2/$A$19,0) -> 1.5847652e-80 | K23: =SUM(B23:J23) -> 190.56108 | L23: 70.931419 | M23: =K23-L23 -> 119.62966
A24: 902.94531 | B24: =$I$2*_xlfn.NORM.DIST($A24,$F$2,$H$2/$A$19,0) -> 0.013633192 | C24: =$Q$2*_xlfn.NORM.DIST($A24,$N$2,$P$2/$A$19,0) -> 6.6768365e-42 | D24: =$V$2*_xlfn.NORM.DIST($A24,$S$2,$U$2/$A$19,0) -> 199.4977 | E24: =$AA$2*_xlfn.NORM.DIST($A24,$X$2,$Z$2/$A$19,0) -> 0.00012467515 | F24: =$AF$2*_xlfn.NORM.DIST($A24,$AC$2,$AE$2/$A$19,0) -> 2.5049865e-60 | G24: =$AK$2*_xlfn.NORM.DIST($A24,$AH$2,$AJ$2/$A$19,0) -> 7.4296728e-146 | H24: =$AP$2*_xlfn.NORM.DIST($A24,$AM$2,$AO$2/$A$19,0) -> 4.3097948e-164 | I24: =$AU$2*_xlfn.NORM.DIST($A24,$AR$2,$AT$2/$A$19,0) -> 5.582247e-226 | J24: =$AZ$2*_xlfn.NORM.DIST($A24,$AW$2,$AY$2/$A$19,0) -> 2.9346186e-80 | K24: =SUM(B24:J24) -> 199.51146 | L24: 75.267606 | M24: =K24-L24 -> 124.24386
A25: 904.28125 | B25: =$I$2*_xlfn.NORM.DIST($A25,$F$2,$H$2/$A$19,0) -> 0.014849353 | C25: =$Q$2*_xlfn.NORM.DIST($A25,$N$2,$P$2/$A$19,0) -> 1.0075756e-41 | D25: =$V$2*_xlfn.NORM.DIST($A25,$S$2,$U$2/$A$19,0) -> 208.79225 | E25: =$AA$2*_xlfn.NORM.DIST($A25,$X$2,$Z$2/$A$19,0) -> 0.00014747512 | F25: =$AF$2*_xlfn.NORM.DIST($A25,$AC$2,$AE$2/$A$19,0) -> 7.287659e-60 | G25: =$AK$2*_xlfn.NORM.DIST($A25,$AH$2,$AJ$2/$A$19,0) -> 3.8407097e-145 | H25: =$AP$2*_xlfn.NORM.DIST($A25,$AM$2,$AO$2/$A$19,0) -> 2.4640702e-163 | I25: =$AU$2*_xlfn.NORM.DIST($A25,$AR$2,$AT$2/$A$19,0) -> 4.2923568e-225 | J25: =$AZ$2*_xlfn.NORM.DIST($A25,$AW$2,$AY$2/$A$19,0) -> 5.428857e-80 | K25: =SUM(B25:J25) -> 208.80725 | L25: 79.831818 | M25: =K25-L25 -> 128.97543
A26: 905.61914 | B26: =$I$2*_xlfn.NORM.DIST($A26,$F$2,$H$2/$A$19,0) -> 0.016172014 | C26: =$Q$2*_xlfn.NORM.DIST($A26,$N$2,$P$2/$A$19,0) -> 1.5201847e-41 | D26: =$V$2*_xlfn.NORM.DIST($A26,$S$2,$U$2/$A$19,0) -> 218.45574 | E26: =$AA$2*_xlfn.NORM.DIST($A26,$X$2,$Z$2/$A$19,0) -> 0.00017434959 | F26: =$AF$2*_xlfn.NORM.DIST($A26,$AC$2,$AE$2/$A$19,0) -> 2.1150764e-59 | G26: =$AK$2*_xlfn.NORM.DIST($A26,$AH$2,$AJ$2/$A$19,0) -> 1.9823201e-144 | H26: =$AP$2*_xlfn.NORM.DIST($A26,$AM$2,$AO$2/$A$19,0) -> 1.4068056e-162 | I26: =$AU$2*_xlfn.NORM.DIST($A26,$AR$2,$AT$2/$A$19,0) -> 3.2972761e-224 | J26: =$AZ$2*_xlfn.NORM.DIST($A26,$AW$2,$AY$2/$A$19,0) -> 1.0042114e-79 | K26: =SUM(B26:J26) -> 218.47209 | L26: 84.640727 | M26: =K26-L26 -> 133.83136
A27: 906.95508 | B27: =$I$2*_xlfn.NORM.DIST($A27,$F$2,$H$2/$A$19,0) -> 0.017605933 | C27: =$Q$2*_xlfn.NORM.DIST($A27,$N$2,$P$2/$A$19,0) -> 2.290367e-41 | D27: =$V$2*_xlfn.NORM.DIST($A27,$S$2,$U$2/$A$19,0) -> 228.46925 | E27: =$AA$2*_xlfn.NORM.DIST($A27,$X$2,$Z$2/$A$19,0) -> 0.00020590837 | F27: =$AF$2*_xlfn.NORM.DIST($A27,$AC$2,$AE$2/$A$19,0) -> 6.1047483e-59 | G27: =$AK$2*_xlfn.NORM.DIST($A27,$AH$2,$AJ$2/$A$19,0) -> 1.0166574e-143 | H27: =$AP$2*_xlfn.NORM.DIST($A27,$AM$2,$AO$2/$A$19,0) -> 7.9797559e-162 | I27: =$AU$2*_xlfn.NORM.DIST($A27,$AR$2,$AT$2/$A$19,0) -> 2.5153656e-223 | J27: =$AZ$2*_xlfn.NORM.DIST($A27,$AW$2,$AY$2/$A$19,0) -> 1.8540509e-79 | K27: =SUM(B27:J27) -> 228.48707 | L27: 89.689994 | M27: =K27-L27 -> 138.79707
A28: 908.29102 | B28: =$I$2*_xlfn.NORM.DIST($A28,$F$2,$H$2/$A$19,0) -> 0.019162252 | C28: =$Q$2*_xlfn.NORM.DIST($A28,$N$2,$P$2/$A$19,0) -> 3.4479828e-41 | D28: =$V$2*_xlfn.NORM.DIST($A28,$S$2,$U$2/$A$19,0) -> 238.85597 | E28: =$AA$2*_xlfn.NORM.DIST($A28,$X$2,$Z$2/$A$19,0) -> 0.00024298782 | F28: =$AF$2*_xlfn.NORM.DIST($A28,$AC$2,$AE$2/$A$19,0) -> 1.7550544e-58 | G28: =$AK$2*_xlfn.NORM.DIST($A28,$AH$2,$AJ$2/$A$19,0) -> 5.1934598e-143 | H28: =$AP$2*_xlfn.NORM.DIST($A28,$AM$2,$AO$2/$A$19,0) -> 4.5084419e-161 | I28: =$AU$2*_xlfn.NORM.DIST($A28,$AR$2,$AT$2/$A$19,0) -> 1.9112978e-222 | J28: =$AZ$2*_xlfn.NORM.DIST($A28,$AW$2,$AY$2/$A$19,0) -> 3.4197042e-79 | K28: =SUM(B28:J28) -> 238.87537 | L28: 94.996396 | M28: =K28-L28 -> 143.87898
A29: 909.62695 | B29: =$I$2*_xlfn.NORM.DIST($A29,$F$2,$H$2/$A$19,0) -> 0.020850985 | C29: =$Q$2*_xlfn.NORM.DIST($A29,$N$2,$P$2/$A$19,0) -> 5.1865209e-41 | D29: =$V$2*_xlfn.NORM.DIST($A29,$S$2,$U$2/$A$19,0) -> 249.62521 | E29: =$AA$2*_xlfn.NORM.DIST($A29,$X$2,$Z$2/$A$19,0) -> 0.00028651827 | F29: =$AF$2*_xlfn.NORM.DIST($A29,$AC$2,$AE$2/$A$19,0) -> 5.0256686e-58 | G29: =$AK$2*_xlfn.NORM.DIST($A29,$AH$2,$AJ$2/$A$19,0) -> 2.6425254e-142 | H29: =$AP$2*_xlfn.NORM.DIST($A29,$AM$2,$AO$2/$A$19,0) -> 2.5371349e-160 | I29: =$AU$2*_xlfn.NORM.DIST($A29,$AR$2,$AT$2/$A$19,0) -> 1.4465576e-221 | J29: =$AZ$2*_xlfn.NORM.DIST($A29,$AW$2,$AY$2/$A$19,0) -> 6.3012314e-79 | K29: =SUM(B29:J29) -> 249.64635 | L29: 100.57007 | M29: =K29-L29 -> 149.07628
A30: 910.96094 | B30: =$I$2*_xlfn.NORM.DIST($A30,$F$2,$H$2/$A$19,0) -> 0.022680143 | C30: =$Q$2*_xlfn.NORM.DIST($A30,$N$2,$P$2/$A$19,0) -> 7.7907635e-41 | D30: =$V$2*_xlfn.NORM.DIST($A30,$S$2,$U$2/$A$19,0) -> 260.76973 | E30: =$AA$2*_xlfn.NORM.DIST($A30,$X$2,$Z$2/$A$19,0) -> 0.00033749992 | F30: =$AF$2*_xlfn.NORM.DIST($A30,$AC$2,$AE$2/$A$19,0) -> 1.4312452e-57 | G30: =$AK$2*_xlfn.NORM.DIST($A30,$AH$2,$AJ$2/$A$19,0) -> 1.3360838e-141 | H30: =$AP$2*_xlfn.NORM.DIST($A30,$AM$2,$AO$2/$A$19,0) -> 1.4185638e-159 | I30: =$AU$2*_xlfn.NORM.DIST($A30,$AR$2,$AT$2/$A$19,0) -> 1.0872847e-220 | J30: =$AZ$2*_xlfn.NORM.DIST($A30,$AW$2,$AY$2/$A$19,0) -> 1.1588991e-78 | K30: =SUM(B30:J30) -> 260.79275 | L30: 106.41263 | M30: =K30-L30 -> 154.38011
A31: 912.29688 | B31: =$I$2*_xlfn.NORM.DIST($A31,$F$2,$H$2/$A$19,0) -> 0.024666702 | C31: =$Q$2*_xlfn.NORM.DIST($A31,$N$2,$P$2/$A$19,0) -> 1.1700216e-40 | D31: =$V$2*_xlfn.NORM.DIST($A31,$S$2,$U$2/$A$19,0) -> 272.33145 | E31: =$AA$2*_xlfn.NORM.DIST($A31,$X$2,$Z$2/$A$19,0) -> 0.0003973349 | F31: =$AF$2*_xlfn.NORM.DIST($A31,$AC$2,$AE$2/$A$19,0) -> 4.0661311e-57 | G31: =$AK$2*_xlfn.NORM.DIST($A31,$AH$2,$AJ$2/$A$19,0) -> 6.7446617e-141 | H31: =$AP$2*_xlfn.NORM.DIST($A31,$AM$2,$AO$2/$A$19,0) -> 7.9200884e-159 | I31: =$AU$2*_xlfn.NORM.DIST($A31,$AR$2,$AT$2/$A$19,0) -> 8.16422e-220 | J31: =$AZ$2*_xlfn.NORM.DIST($A31,$AW$2,$AY$2/$A$19,0) -> 2.1311966e-78 | K31: =SUM(B31:J31) -> 272.35652 | L31: 112.55173 | M31: =K31-L31 -> 159.80478
A32: 913.63086 | B32: =$I$2*_xlfn.NORM.DIST($A32,$F$2,$H$2/$A$19,0) -> 0.026817349 | C32: =$Q$2*_xlfn.NORM.DIST($A32,$N$2,$P$2/$A$19,0) -> 1.7546945e-40 | D32: =$V$2*_xlfn.NORM.DIST($A32,$S$2,$U$2/$A$19,0) -> 284.28585 | E32: =$AA$2*_xlfn.NORM.DIST($A32,$X$2,$Z$2/$A$19,0) -> 0.00046729834 | F32: =$AF$2*_xlfn.NORM.DIST($A32,$AC$2,$AE$2/$A$19,0) -> 1.1488685e-56 | G32: =$AK$2*_xlfn.NORM.DIST($A32,$AH$2,$AJ$2/$A$19,0) -> 3.3833216e-140 | H32: =$AP$2*_xlfn.NORM.DIST($A32,$AM$2,$AO$2/$A$19,0) -> 4.3934316e-158 | I32: =$AU$2*_xlfn.NORM.DIST($A32,$AR$2,$AT$2/$A$19,0) -> 6.0882249e-219 | J32: =$AZ$2*_xlfn.NORM.DIST($A32,$AW$2,$AY$2/$A$19,0) -> 3.9118822e-78 | K32: =SUM(B32:J32) -> 284.31314 | L32: 118.98016 | M32: =K32-L32 -> 165.33297
A33: 914.9668 | B33: =$I$2*_xlfn.NORM.DIST($A33,$F$2,$H$2/$A$19,0) -> 0.029151869 | C33: =$Q$2*_xlfn.NORM.DIST($A33,$N$2,$P$2/$A$19,0) -> 2.6309848e-40 | D33: =$V$2*_xlfn.NORM.DIST($A33,$S$2,$U$2/$A$19,0) -> 296.6772 | E33: =$AA$2*_xlfn.NORM.DIST($A33,$X$2,$Z$2/$A$19,0) -> 0.00054927843 | F33: =$AF$2*_xlfn.NORM.DIST($A33,$AC$2,$AE$2/$A$19,0) -> 3.238188e-56 | G33: =$AK$2*_xlfn.NORM.DIST($A33,$AH$2,$AJ$2/$A$19,0) -> 1.6944718e-139 | H33: =$AP$2*_xlfn.NORM.DIST($A33,$AM$2,$AO$2/$A$19,0) -> 2.4336026e-157 | I33: =$AU$2*_xlfn.NORM.DIST($A33,$AR$2,$AT$2/$A$19,0) -> 4.5355174e-218 | J33: =$AZ$2*_xlfn.NORM.DIST($A33,$AW$2,$AY$2/$A$19,0) -> 7.1796768e-78 | K33: =SUM(B33:J33) -> 296.7069 | L33: 125.72771 | M33: =K33-L33 -> 170.97919
... A919: 1999.1406 | B919: =$I$2*_xlfn.NORM.DIST($A919,$F$2,$H$2/$A$19,0) -> 2.857418e-08 | C919: =$Q$2*_xlfn.NORM.DIST($A919,$N$2,$P$2/$A$19,0) -> 1.4758002e-12 | D919: =$V$2*_xlfn.NORM.DIST($A919,$S$2,$U$2/$A$19,0) -> 1.2103749e-34 | E919: =$AA$2*_xlfn.NORM.DIST($A919,$X$2,$Z$2/$A$19,0) -> 5.4706611e-60 | F919: =$AF$2*_xlfn.NORM.DIST($A919,$AC$2,$AE$2/$A$19,0) -> 7.7412319e-258 | G919: =$AK$2*_xlfn.NORM.DIST($A919,$AH$2,$AJ$2/$A$19,0) -> 1.649377e-138 | H919: =$AP$2*_xlfn.NORM.DIST($A919,$AM$2,$AO$2/$A$19,0) -> 7.6465465e-121 | I919: =$AU$2*_xlfn.NORM.DIST($A919,$AR$2,$AT$2/$A$19,0) -> 3.9072589e-77 | J919: =$AZ$2*_xlfn.NORM.DIST($A919,$AW$2,$AY$2/$A$19,0) -> 1.463581e-05 | K919: =SUM(B919:J919) -> 1.4664386e-05 | L919: 3.1e-05 | M919: =K919-L919 -> -1.6335614e-05

Sheet GreyIronbark
A1: File | B1: Vegetation | C1: Thermal Energy | D1: Std Err | E1: R_sqrd | F1: D pos | G1: D ht | H1: D fwhm | I1: D area | J1: D %area | K1: D fwhm/G fwhm | L1: AD/AG | M1: R1= D ht/ G ht | N1: RBS ( Band sepration ) | O1: G_G pos | P1: G_G ht | Q1: G_G fwhm | R1: G_G area | S1: G_G %area | T1: S_L pos | U1: S_L ht | V1: S_L fwhm | W1: S_L area | X1: S_L %area | Y1: S pos | Z1: S ht | AA1: S fwhm | AB1: S area | AC1: S %area | AD1: D_S pos | AE1: D_S ht | AF1: D_S fwhm | AG1: D_S area | AH1: D_S %area | AI1: A_1 pos | AJ1: A_1 ht | AK1: A_1 fwhm | AL1: A_1 area | AM1: A_1 %area | AN1: A_2 pos | AO1: A_2 ht | AP1: A_2 fwhm | AQ1: A_2 area | AR1: A_2 %area | AS1: G_L pos | AT1: G_L ht | AU1: G_L fwhm | AV1: G_L area | AW1: G_L %area | AX1: C pos | AY1: C ht | AZ1: C fwhm | BA1: C area | BB1: C %area
A2: data/Grey Ironback/GI-25 (1) | B2: Grey Ironback | C2: 25 kW/m2 | D2: 28.41 | E2: 0.995729 | F2: 1367 | G2: 29083 | H2: 200 | I2: 6191579 | J2: 44.5 | K2: 1.6806723 | L2: 1.1652004 | M2: 0.69329424 | N2: 219 | O2: 1586 | P2: 41949 | Q2: 119 | R2: 5313746 | S2: 38.2 | T2: 1073 | U2: 3523 | V2: 194 | W2: 727523 | X2: 5.2 | Y2: 1190 | Z2: 5439 | AA2: 114 | AB2: 660019 | AC2: 4.7 | AD2: 1260 | AE2: 915 | AF2: 50 | AG2: 48699 | AH2: 0.4 | AI2: 1456 | AJ2: 2935 | AK2: 58 | AL2: 181204 | AM2: 1.3 | AN2: 1490 | AO2: 3747 | AP2: 50 | AQ2: 199428 | AR2: 1.4 | AS2: 1594 | AT2: 3167 | AU2: 50 | AV2: 168558 | AW2: 1.2 | AX2: 1744 | AY2: 3833 | AZ2: 102 | BA2: 416170 | BB2: 3
A3: data/Grey Ironback/GI-25 (2) | B3: Grey Ironback | C3: 25 kW/m2 | D3: 30.58 | E3: 0.995298 | F3: 1365 | G3: 29669 | H3: 200 | I3: 6316335 | J3: 44.9 | K3: 1.6806723 | L3: 1.1597057 | M3: 0.69002489 | N3: 221 | O3: 1586 | P3: 42997 | Q3: 119 | R3: 5446498 | S3: 38.7 | T3: 1073 | U3: 3199 | V3: 174 | W3: 592510 | X3: 4.2 | Y3: 1188 | Z3: 5465 | AA3: 114 | AB3: 663174 | AC3: 4.7 | AD3: 1256 | AE3: 271 | AF3: 50 | AG3: 14424 | AH3: 0.1 | AI3: 1454 | AJ3: 3553 | AK3: 54 | AL3: 204231 | AM3: 1.5 | AN3: 1490 | AO3: 3763 | AP3: 50 | AQ3: 200279 | AR3: 1.4 | AS3: 1596 | AT3: 3643 | AU3: 50 | AV3: 193893 | AW3: 1.4 | AX3: 1742 | AY3: 4073 | AZ3: 100 | BA3: 433557 | BB3: 3.1
A4: data/Grey Ironback/GI-25 (3) | B4: Grey Ironback | C4: 25 kW/m2 | D4: 31.85 | E4: 0.994884 | F4: 1365 | G4: 29695 | H4: 200 | I4: 6321870 | J4: 44.1 | K4: 1.6528926 | L4: 1.1327898 | M4: 0.68533776 | N4: 221 | O4: 1586 | P4: 43329 | Q4: 121 | R4: 5580797 | S4: 39 | T4: 1073 | U4: 3383 | V4: 172 | W4: 619388 | X4: 4.3 | Y4: 1184 | Z4: 5623 | AA4: 112 | AB4: 670376 | AC4: 4.7 | AD4: 1250 | AE4: 799 | AF4: 50 | AG4: 42525 | AH4: 0.3 | AI4: 1448 | AJ4: 3571 | AK4: 56 | AL4: 212868 | AM4: 1.5 | AN4: 1488 | AO4: 4037 | AP4: 50 | AQ4: 214863 | AR4: 1.5 | AS4: 1596 | AT4: 3257 | AU4: 50 | AV4: 173348 | AW4: 1.2 | AX4: 1748 | AY4: 4203 | AZ4: 108 | BA4: 483187 | BB4: 3.4
A5: data/Grey Ironback/GI-25 (4) | B5: Grey Ironback | C5: 25 kW/m2 | D5: 25.95 | E5: 0.994823 | F5: 1365 | G5: 23921 | H5: 200 | I5: 5092623 | J5: 44.4 | K5: 1.6806723 | L5: 1.1447101 | M5: 0.68110247 | N5: 221 | O5: 1586 | P5: 35121 | Q5: 119 | R5: 4448832 | S5: 38.8 | T5: 1073 | U5: 2653 | V5: 184 | W5: 519622 | X5: 4.5 | Y5: 1190 | Z5: 4231 | AA5: 112 | AB5: 504421 | AC5: 4.4 | AD5: 1258 | AE5: 1 | AF5: 50 | AG5: 53 | AH5: 0 | AI5: 1450 | AJ5: 3053 | AK5: 52 | AL5: 168991 | AM5: 1.5 | AN5: 1490 | AO5: 3327 | AP5: 50 | AQ5: 177074 | AR5: 1.5 | AS5: 1598 | AT5: 3235 | AU5: 50 | AV5: 172178 | AW5: 1.5 | AX5: 1738 | AY5: 3595 | AZ5: 100 | BA5: 382676 | BB5: 3.3
A6: data/Grey Ironback/GI-25 (5) | B6: Grey Ironback | C6: 25 kW/m2 | D6: 26.55 | E6: 0.995509 | F6: 1365 | G6: 26555 | H6: 200 | I6: 5653384 | J6: 44.7 | K6: 1.6806723 | L6: 1.1656154 | M6: 0.69354123 | N6: 221 | O6: 1586 | P6: 38289 | Q6: 119 | R6: 4850128 | S6: 38.3 | T6: 1073 | U6: 2937 | V6: 172 | W6: 537730 | X6: 4.3 | Y6: 1182 | Z6: 4799 | AA6: 110 | AB6: 561922 | AC6: 4.4 | AD6: 1250 | AE6: 773 | AF6: 50 | AG6: 41142 | AH6: 0.3 | AI6: 1452 | AJ6: 3147 | AK6: 54 | AL6: 180893 | AM6: 1.4 | AN6: 1490 | AO6: 3315 | AP6: 50 | AQ6: 176435 | AR6: 1.4 | AS6: 1598 | AT6: 3891 | AU6: 50 | AV6: 207092 | AW6: 1.6 | AX6: 1748 | AY6: 3519 | AZ6: 118 | BA6: 442011 | BB6: 3.5
A7: data/Grey Ironback/GI-35 (1) | B7: Grey Ironback | C7: 35 kW/m2 | D7: 2.36 | E7: 0.962196 | F7: 1365 | G7: 843 | H7: 200 | I7: 179469 | J7: 46.4 | K7: 2.1978022 | L7: 1.4004167 | M7: 0.63718821 | N7: 223 | O7: 1588 | P7: 1323 | Q7: 91 | R7: 128154 | S7: 33.1 | T7: 1073 | U7: 43 | V7: 170 | W7: 7781 | X7: 2 | Y7: 1192 | Z7: 193 | AA7: 100 | AB7: 20544 | AC7: 5.3 | AD7: 1258 | AE7: 7 | AF7: 50 | AG7: 373 | AH7: 0.1 | AI7: 1454 | AJ7: 145 | AK7: 52 | AL7: 8026 | AM7: 2.1 | AN7: 1500 | AO7: 195 | AP7: 50 | AQ7: 10379 | AR7: 2.7 | AS7: 1598 | AT7: 57 | AU7: 50 | AV7: 3034 | AW7: 0.8 | AX7: 1748 | AY7: 137 | AZ7: 198 | BA7: 28875 | BB7: 7.5
A8: data/Grey Ironback/GI-35 (2) | B8: Grey Ironback | C8: 35 kW/m2 | D8: 10.83 | E8: 0.995348 | F8: 1365 | G8: 10005 | H8: 200 | I8: 2129999 | J8: 45.6 | K8: 2.1505376 | L8: 1.2245251 | M8: 0.56940413 | N8: 227 | O8: 1592 | P8: 17571 | Q8: 93 | R8: 1739449 | S8: 37.3 | T8: 1073 | U8: 773 | V8: 152 | W8: 125071 | X8: 2.7 | Y8: 1186 | Z8: 2383 | AA8: 104 | AB8: 263809 | AC8: 5.7 | AD8: 1252 | AE8: 507 | AF8: 50 | AG8: 26984 | AH8: 0.6 | AI8: 1458 | AJ8: 1651 | AK8: 58 | AL8: 101931 | AM8: 2.2 | AN8: 1504 | AO8: 2485 | AP8: 50 | AQ8: 132260 | AR8: 2.8 | AS8: 1598 | AT8: 267 | AU8: 50 | AV8: 14211 | AW8: 0.3 | AX8: 1720 | AY8: 1137 | AZ8: 110 | BA8: 133133 | BB8: 2.9
A9: data/Grey Ironback/GI-35 (3) | B9: Grey Ironback | C9: 35 kW/m2 | D9: 10.09 | E9: 0.994607 | F9: 1365 | G9: 8629 | H9: 200 | I9: 1837057 | J9: 44.7 | K9: 2.1505376 | L9: 1.2083731 | M9: 0.5618936 | N9: 227 | O9: 1592 | P9: 15357 | Q9: 93 | R9: 1520273 | S9: 37 | T9: 1073 | U9: 633 | V9: 148 | W9: 99724 | X9: 2.4 | Y9: 1188 | Z9: 2127 | AA9: 108 | AB9: 244525 | AC9: 5.9 | AD9: 1254 | AE9: 297 | AF9: 50 | AG9: 15807 | AH9: 0.4 | AI9: 1454 | AJ9: 1447 | AK9: 58 | AL9: 89336 | AM9: 2.2 | AN9: 1502 | AO9: 2397 | AP9: 54 | AQ9: 137782 | AR9: 3.3 | AS9: 1598 | AT9: 149 | AU9: 50 | AV9: 7930 | AW9: 0.2 | AX9: 1722 | AY9: 1051 | AZ9: 144 | BA9: 161101 | BB9: 3.9
A10: data/Grey Ironback/GI-35 (4) | B10: Grey Ironback | C10: 35 kW/m2 | D10: 7.74 | E10: 0.975058 | F10: 1367 | G10: 3051 | H10: 200 | I10: 649538 | J10: 45.3 | K10: 2.2988506 | L10: 1.2354762 | M10: 0.53743174 | N10: 225 | O10: 1592 | P10: 5677 | Q10: 87 | R10: 525739 | S10: 36.7 | T10: 1073 | U10: 213 | V10: 160 | W10: 36277 | X10: 2.5 | Y10: 1194 | Z10: 751 | AA10: 114 | AB10: 91133 | AC10: 6.4 | AD10: 1260 | AE10: 39 | AF10: 50 | AG10: 2076 | AH10: 0.1 | AI10: 1452 | AJ10: 493 | AK10: 50 | AL10: 26239 | AM10: 1.8 | AN10: 1504 | AO10: 967 | AP10: 52 | AQ10: 53526 | AR10: 3.7 | AS10: 1598 | AT10: 1 | AU10: 50 | AV10: 53 | AW10: 0 | AX10: 1726 | AY10: 333 | AZ10: 136 | BA10: 48208 | BB10: 3.4
A11: data/Grey Ironback/GI-35 (5) | B11: Grey Ironback | C11: 35 kW/m2 | D11: 13.06 | E11: 0.993268 | F11: 1365 | G11: 9921 | H11: 200 | I11: 2112116 | J11: 44.9 | K11: 2.1505376 | L11: 1.2117615 | M11: 0.56346907 | N11: 227 | O11: 1592 | P11: 17607 | Q11: 93 | R11: 1743013 | S11: 37 | T11: 1073 | U11: 753 | V11: 154 | W11: 123438 | X11: 2.6 | Y11: 1190 | Z11: 2437 | AA11: 110 | AB11: 285352 | AC11: 6.1 | AD11: 1256 | AE11: 277 | AF11: 50 | AG11: 14743 | AH11: 0.3 | AI11: 1458 | AJ11: 1599 | AK11: 64 | AL11: 108933 | AM11: 2.3 | AN11: 1504 | AO11: 2711 | AP11: 52 | AQ11: 150060 | AR11: 3.2 | AS11: 1598 | AT11: 229 | AU11: 50 | AV11: 12188 | AW11: 0.3 | AX11: 1720 | AY11: 1257 | AZ11: 118 | BA11: 157888 | BB11: 3.4
A12: data/Grey Ironback/GI-50 (1) | B12: Grey Ironback | C12: 50 kW/m2 | D12: 41.22 | E12: 0.99056 | F12: 1365 | G12: 29733 | H12: 200 | I12: 6329960 | J12: 51.5 | K12: 2.4096386 | L12: 1.5480604 | M12: 0.64244506 | N12: 229 | O12: 1594 | P12: 46281 | Q12: 83 | R12: 4088962 | S12: 33.3 | T12: 1073 | U12: 1383 | V12: 110 | W12: 161937 | X12: 1.3 | Y12: 1188 | Z12: 7955 | AA12: 110 | AB12: 931462 | AC12: 7.6 | AD12: 1256 | AE12: 1149 | AF12: 50 | AG12: 61154 | AH12: 0.5 | AI12: 1458 | AJ12: 1165 | AK12: 50 | AL12: 62005 | AM12: 0.5 | AN12: 1502 | AO12: 7355 | AP12: 52 | AQ12: 407116 | AR12: 3.3 | AS12: 1598 | AT12: 1 | AU12: 50 | AV12: 53 | AW12: 0 | AX12: 1712 | AY12: 2095 | AZ12: 112 | BA12: 249767 | BB12: 2
A13: data/Grey Ironback/GI-50 (2) | B13: Grey Ironback | C13: 50 kW/m2 | D13: 62.38 | E13: 0.989439 | F13: 1365 | G13: 44065 | H13: 200 | I13: 9381148 | J13: 48.8 | K13: 2.020202 | L13: 1.4590844 | M13: 0.72224681 | N13: 225 | O13: 1590 | P13: 61011 | Q13: 99 | R13: 6429476 | S13: 33.5 | T13: 1073 | U13: 3541 | V13: 188 | W13: 708624 | X13: 3.7 | Y13: 1190 | Z13: 9999 | AA13: 118 | AB13: 1255945 | AC13: 6.5 | AD13: 1252 | AE13: 2145 | AF13: 52 | AG13: 118731 | AH13: 0.6 | AI13: 1458 | AJ13: 3147 | AK13: 50 | AL13: 167494 | AM13: 0.9 | AN13: 1498 | AO13: 8475 | AP13: 50 | AQ13: 451068 | AR13: 2.3 | AS13: 1588 | AT13: 3163 | AU13: 50 | AV13: 168345 | AW13: 0.9 | AX13: 1732 | AY13: 4281 | AZ13: 116 | BA13: 528610 | BB13: 2.8
... A16: data/Grey Ironback/GI-50 (5) | B16: Grey Ironback | C16: 50 kW/m2 | D16: 28.99 | E16: 0.992236 | F16: 1365 | G16: 23593 | H16: 200 | I16: 5022794 | J16: 49.4 | K16: 2.1505376 | L16: 1.4647545 | M16: 0.68111089 | N16: 225 | O16: 1590 | P16: 34639 | Q16: 93 | R16: 3429103 | S16: 33.7 | T16: 1073 | U16: 1521 | V16: 122 | W16: 197525 | X16: 1.9 | Y16: 1186 | Z16: 6233 | AA16: 114 | AB16: 756370 | AC16: 7.4 | AD16: 1260 | AE16: 1037 | AF16: 50 | AG16: 55193 | AH16: 0.5 | AI16: 1458 | AJ16: 895 | AK16: 50 | AL16: 47635 | AM16: 0.5 | AN16: 1500 | AO16: 5701 | AP16: 54 | AQ16: 327700 | AR16: 3.2 | AS16: 1596 | AT16: 453 | AU16: 50 | AV16: 24110 | AW16: 0.2 | AX16: 1722 | AY16: 2323 | AZ16: 122 | BA16: 301676 | BB16: 3

Sheet SilvertopAsh
A1: File | B1: Vegetation | C1: Thermal Energy | D1: Std Err | E1: R_sqrd | F1: D pos | G1: D ht | H1: D fwhm | I1: D area | J1: D %area | K1: Dfwhm/ Gfwhm | L1: AD/AG | M1: R1= Dht/G ht | N1: RBS | O1: G_G pos | P1: G_G ht | Q1: G_G fwhm | R1: G_G area | S1: G_G %area | T1: S_L pos | U1: S_L ht | V1: S_L fwhm | W1: S_L area | X1: S_L %area | Y1: S pos | Z1: S ht | AA1: S fwhm | AB1: S area | AC1: S %area | AD1: D_S pos | AE1: D_S ht | AF1: D_S fwhm | AG1: D_S area | AH1: D_S %area | AI1: A_1 pos | AJ1: A_1 ht | AK1: A_1 fwhm | AL1: A_1 area | AM1: A_1 %area | AN1: A_2 pos | AO1: A_2 ht | AP1: A_2 fwhm | AQ1: A_2 area | AR1: A_2 %area | AS1: G_L pos | AT1: G_L ht | AU1: G_L fwhm | AV1: G_L area | AW1: G_L %area | AX1: C pos | AY1: C ht | AZ1: C fwhm | BA1: C area | BB1: C %area
A2: data/Silvertop Ash/SA-20(1).txt | B2: Silvertop Ash | C2: 20 kW/m2 | D2: 72.66 counts | E2: 0.990203 | F2: 1367 | G2: 33995 | H2: 200 | I2: 7237311 | J2: 37.4 | K2: =H2/Q2 -> 1.5748031 | L2: =I2/R2 -> 0.73625667 | M2: =G2/P2 -> 0.467523 | N2: =O2-F2 -> 219 | O2: 1586 | P2: 72713 | Q2: 127 | R2: 9829875 | S2: 50.8 | T2: 1073 | U2: 1 | V2: 50 | W2: 53 | X2: 0 | Y2: 1166 | Z2: 4481 | AA2: 64 | AB2: 305272 | AC2: 1.6 | AD2: 1250 | AE2: 1 | AF2: 50 | AG2: 53 | AH2: 0 | AI2: 1446 | AJ2: 9999 | AK2: 72 | AL2: 766340 | AM2: 4 | AN2: 1492 | AO2: 4325 | AP2: 50 | AQ2: 230191 | AR2: 1.2 | AS2: 1590 | AT2: 6503 | AU2: 50 | AV2: 346111 | AW2: 1.8 | AX2: 1748 | AY2: 5621 | AZ2: 104 | BA2: 622270 | BB2: 3.2
A3: data/Silvertop Ash/SA-20(2)_Copy | B3: Silvertop Ash | C3: 20 kW/m2 | D3: 73.24 counts | E3: 0.987892 | F3: 1367 | G3: 36105 | H3: 200 | I3: 7686516 | J3: 38.1 | K3: =H3/Q3 -> 1.459854 | L3: =I3/R3 -> 0.81907081 | M3: =G3/P3 -> 0.56106354 | N3: =O3-F3 -> 217 | O3: 1584 | P3: 64351 | Q3: 137 | R3: 9384434 | S3: 46.5 | T3: 1073 | U3: 3779 | V3: 156 | W3: 627529 | X3: 3.1 | Y3: 1184 | Z3: 7295 | AA3: 106 | AB3: 823120 | AC3: 4.1 | AD3: 1264 | AE3: 993 | AF3: 50 | AG3: 52851 | AH3: 0.3 | AI3: 1450 | AJ3: 5887 | AK3: 58 | AL3: 363458 | AM3: 1.8 | AN3: 1494 | AO3: 3203 | AP3: 52 | AQ3: 177293 | AR3: 0.9 | AS3: 1582 | AT3: 4991 | AU3: 50 | AV3: 265638 | AW3: 1.3 | AX3: 1748 | AY3: 4097 | AZ3: 180 | BA3: 785002 | BB3: 3.9
A4: data/Silvertop Ash/SA-20 (3).txt | B4: Silvertop Ash | C4: 20 kW/m2 | D4: 46.91 counts | E4: 0.994374 | F4: 1367 | G4: 31959 | H4: 200 | I4: 6803860 | J4: 39.1 | K4: =H4/Q4 -> 1.6260163 | L4: =I4/R4 -> 0.84194768 | M4: =G4/P4 -> 0.51779783 | N4: =O4-F4 -> 217 | O4: 1584 | P4: 61721 | Q4: 123 | R4: 8081096 | S4: 46.5 | T4: 1073 | U4: 963 | V4: 92 | W4: 94308 | X4: 0.5 | Y4: 1168 | Z4: 5365 | AA4: 86 | AB4: 491134 | AC4: 2.8 | AD4: 1250 | AE4: 1 | AF4: 50 | AG4: 53 | AH4: 0 | AI4: 1446 | AJ4: 8649 | AK4: 60 | AL4: 552395 | AM4: 3.2 | AN4: 1496 | AO4: 5021 | AP4: 50 | AQ4: 267234 | AR4: 1.5 | AS4: 1594 | AT4: 6747 | AU4: 50 | AV4: 359098 | AW4: 2.1 | AX4: 1748 | AY4: 5295 | AZ4: 130 | BA4: 732726 | BB4: 4.2
A5: data/Silvertop Ash/SA-20(12).txt | B5: Silvertop Ash | C5: 20 kW/m2 | D5: 1.95 counts | E5: 0.912712 | F5: 1369 | G5: 275 | H5: 188 | I5: 55033 | J5: 39.1 | K5: =H5/Q5 -> 1.8613861 | L5: =I5/R5 -> 0.79856345 | M5: =G5/P5 -> 0.42901716 | N5: =O5-F5 -> 215 | O5: 1584 | P5: 641 | Q5: 101 | R5: 68915 | S5: 48.9 | T5: 1023 | U5: 1 | V5: 50 | W5: 53 | X5: 0 | Y5: 1198 | Z5: 1 | AA5: 50 | AB5: 53 | AC5: 0 | AD5: 1282 | AE5: 7 | AF5: 50 | AG5: 373 | AH5: 0.3 | AI5: 1452 | AJ5: 101 | AK5: 72 | AL5: 7741 | AM5: 5.5 | AN5: 1504 | AO5: 131 | AP5: 58 | AQ5: 8088 | AR5: 5.7 | AS5: 1598 | AT5: 5 | AU5: 76 | AV5: 404 | AW5: 0.3 | AX5: 1700 | AY5: 1 | AZ5: 198 | BA5: 211 | BB5: 0.1
A6: data/Silvertop Ash/SA-20(13).txt | B6: Silvertop Ash | C6: 20 kW/m2 | D6: 51.68 counts | E6: 0.994758 | F6: 1367 | G6: 39493 | H6: 200 | I6: 8407799 | J6: 39.7 | K6: =H6/Q6 -> 1.6806723 | L6: =I6/R6 -> 0.90546057 | M6: =G6/P6 -> 0.53874906 | N6: =O6-F6 -> 221 | O6: 1588 | P6: 73305 | Q6: 119 | R6: 9285660 | S6: 43.8 | T6: 1073 | U6: 3659 | V6: 146 | W6: 568653 | X6: 2.7 | Y6: 1178 | Z6: 7437 | AA6: 100 | AB6: 791644 | AC6: 3.7 | AD6: 1252 | AE6: 921 | AF6: 50 | AG6: 49019 | AH6: 0.2 | AI6: 1450 | AJ6: 9177 | AK6: 66 | AL6: 644729 | AM6: 3 | AN6: 1498 | AO6: 6153 | AP6: 50 | AQ6: 327483 | AR6: 1.5 | AS6: 1598 | AT6: 5489 | AU6: 50 | AV6: 292143 | AW6: 1.4 | AX6: 1744 | AY6: 7845 | AZ6: 100 | BA6: 835074 | BB6: 3.9
A7: data/Silvertop Ash/SA-20(14).txt | B7: Silvertop Ash | C7: 20 kW/m2 | D7: 45.19 counts | E7: 0.99522 | F7: 1367 | G7: 36337 | H7: 200 | I7: 7735908 | J7: 40.1 | K7: =H7/Q7 -> 1.7094017 | L7: =I7/R7 -> 0.93288873 | M7: =G7/P7 -> 0.5457399 | N7: =O7-F7 -> 221 | O7: 1588 | P7: 66583 | Q7: 117 | R7: 8292423 | S7: 43 | T7: 1073 | U7: 3179 | V7: 132 | W7: 446680 | X7: 2.3 | Y7: 1178 | Z7: 7169 | AA7: 102 | AB7: 778379 | AC7: 4 | AD7: 1254 | AE7: 489 | AF7: 50 | AG7: 26026 | AH7: 0.1 | AI7: 1450 | AJ7: 8519 | AK7: 62 | AL7: 562228 | AM7: 2.9 | AN7: 1500 | AO7: 7317 | AP7: 52 | AQ7: 405013 | AR7: 2.1 | AS7: 1598 | AT7: 5353 | AU7: 50 | AV7: 284905 | AW7: 1.5 | AX7: 1742 | AY7: 7249 | AZ7: 98 | BA7: 756200 | BB7: 3.9
A8: data/Silvertop Ash/SA-20(15).txt | B8: Silvertop Ash | C8: 20 kW/m2 | D8: 62.79 counts | E8: 0.994234 | F8: 1365 | G8: 45811 | H8: 200 | I8: 9752860 | J8: 38.8 | K8: =H8/Q8 -> 1.5748031 | L8: =I8/R8 -> 0.89847824 | M8: =G8/P8 -> 0.57053366 | N8: =O8-F8 -> 219 | O8: 1584 | P8: 80295 | Q8: 127 | R8: 10854865 | S8: 43.2 | T8: 1073 | U8: 4493 | V8: 132 | W8: 631310 | X8: 2.5 | Y8: 1176 | Z8: 8941 | AA8: 100 | AB8: 951740 | AC8: 3.8 | AD8: 1254 | AE8: 557 | AF8: 50 | AG8: 29645 | AH8: 0.1 | AI8: 1450 | AJ8: 9171 | AK8: 62 | AL8: 605258 | AM8: 2.4 | AN8: 1490 | AO8: 4145 | AP8: 50 | AQ8: 220611 | AR8: 0.9 | AS8: 1596 | AT8: 9999 | AU8: 50 | AV8: 532180 | AW8: 2.1 | AX8: 1748 | AY8: 7265 | AZ8: 198 | BA8: 1531204 | BB8: 6.1
A9: data/Silvertop Ash/SA-20(16).txt | B9: Silvertop Ash | C9: 20 kW/m2 | D9: 16.15 counts | E9: 0.978626 | F9: 1365 | G9: 6219 | H9: 200 | I9: 1323984 | J9: 36.3 | K9: =H9/Q9 -> 1.459854 | L9: =I9/R9 -> 0.83192834 | M9: =G9/P9 -> 0.5698708 | N9: =O9-F9 -> 219 | O9: 1584 | P9: 10913 | Q9: 137 | R9: 1591464 | S9: 43.7 | T9: 1073 | U9: 369 | V9: 134 | W9: 52634 | X9: 1.4 | Y9: 1180 | Z9: 1369 | AA9: 102 | AB9: 148640 | AC9: 4.1 | AD9: 1250 | AE9: 23 | AF9: 50 | AG9: 1224 | AH9: 0 | AI9: 1450 | AJ9: 1761 | AK9: 58 | AL9: 108723 | AM9: 3 | AN9: 1492 | AO9: 581 | AP9: 50 | AQ9: 30923 | AR9: 0.8 | AS9: 1584 | AT9: 903 | AU9: 50 | AV9: 48061 | AW9: 1.3 | AX9: 1748 | AY9: 1605 | AZ9: 198 | BA9: 338277 | BB9: 9.3
A10: data/Silvertop Ash/SA-20(17).txt | B10: Silvertop Ash | C10: 20 kW/m2 | D10: 19.70 counts | E10: 0.988978 | F10: 1367 | G10: 10383 | H10: 200 | I10: 2210472 | J10: 38.3 | K10: =H10/Q10 -> 1.5748031 | L10: =I10/R10 -> 0.86969721 | M10: =G10/P10 -> 0.55225786 | N10: =O10-F10 -> 219 | O10: 1586 | P10: 18801 | Q10: 127 | R10: 2541657 | S10: 44 | T10: 1073 | U10: 759 | V10: 148 | W10: 119574 | X10: 2.1 | Y10: 1180 | Z10: 2131 | AA10: 100 | AB10: 226838 | AC10: 3.9 | AD10: 1250 | AE10: 153 | AF10: 50 | AG10: 8143 | AH10: 0.1 | AI10: 1452 | AJ10: 2839 | AK10: 60 | AL10: 181321 | AM10: 3.1 | AN10: 1498 | AO10: 1551 | AP10: 50 | AQ10: 82549 | AR10: 1.4 | AS10: 1590 | AT10: 1615 | AU10: 50 | AV10: 85956 | AW10: 1.5 | AX10: 1748 | AY10: 2779 | AZ10: 108 | BA10: 319481 | BB10: 5.5
A11: data/Silvertop Ash/SA-20(18).txt | B11: Silvertop Ash | C11: 20 kW/m2 | D11: 27.76 counts | E11: 0.97943 | F11: 1365 | G11: 9983 | H11: 200 | I11: 2125315 | J11: 36.9 | K11: =H11/Q11 -> 1.4388489 | L11: =I11/R11 -> 0.73991815 | M11: =G11/P11 -> 0.51424303 | N11: =O11-F11 -> 221 | O11: 1586 | P11: 19413 | Q11: 139 | R11: 2872365 | S11: 49.8 | T11: 1073 | U11: 227 | V11: 104 | W11: 25130 | X11: 0.4 | Y11: 1170 | Z11: 2005 | AA11: 86 | AB11: 183546 | AC11: 3.2 | AD11: 1250 | AE11: 1 | AF11: 50 | AG11: 53 | AH11: 0 | AI11: 1446 | AJ11: 2901 | AK11: 60 | AL11: 185281 | AM11: 3.2 | AN11: 1488 | AO11: 985 | AP11: 50 | AQ11: 52425 | AR11: 0.9 | AS11: 1586 | AT11: 1335 | AU11: 50 | AV11: 71053 | AW11: 1.2 | AX11: 1748 | AY11: 2771 | AZ11: 84 | BA11: 247770 | BB11: 4.3
A12: data/Silvertop Ash/SA-20(19).txt | B12: Silvertop Ash | C12: 20 kW/m2 | D12: 19.83 counts | E12: 0.975558 | F12: 1367 | G12: 6011 | H12: 200 | I12: 1279702 | J12: 38.6 | K12: =H12/Q12 -> 1.5748031 | L12: =I12/R12 -> 0.76966732 | M12: =G12/P12 -> 0.48873892 | N12: =O12-F12 -> 219 | O12: 1586 | P12: 12299 | Q12: 127 | R12: 1662669 | S12: 50.1 | T12: 1073 | U12: 1 | V12: 50 | W12: 53 | X12: 0 | Y12: 1180 | Z12: 995 | AA12: 80 | AB12: 84732 | AC12: 2.6 | AD12: 1250 | AE12: 29 | AF12: 50 | AG12: 1543 | AH12: 0 | AI12: 1452 | AJ12: 1897 | AK12: 64 | AL12: 129235 | AM12: 3.9 | AN12: 1500 | AO12: 799 | AP12: 50 | AQ12: 42525 | AR12: 1.3 | AS12: 1582 | AT12: 1397 | AU12: 50 | AV12: 74353 | AW12: 2.2 | AX12: 1742 | AY12: 687 | AZ12: 60 | BA12: 43877 | BB12: 1.3
A13: data/Silvertop Ash/SA-20(4).txt | B13: Silvertop Ash | C13: 20 kW/m2 | D13: 57.78 counts | E13: 0.988007 | F13: 1365 | G13: 25793 | H13: 200 | I13: 5491160 | J13: 37.5 | K13: =H13/Q13 -> 1.459854 | L13: =I13/R13 -> 0.74108954 | M13: =G13/P13 -> 0.50764628 | N13: =O13-F13 -> 219 | O13: 1584 | P13: 50809 | Q13: 137 | R13: 7409577 | S13: 50.7 | T13: 1073 | U13: 1091 | V13: 108 | W13: 125424 | X13: 0.9 | Y13: 1174 | Z13: 4809 | AA13: 86 | AB13: 440236 | AC13: 3 | AD13: 1250 | AE13: 1 | AF13: 50 | AG13: 53 | AH13: 0 | AI13: 1446 | AJ13: 6655 | AK13: 56 | AL13: 396706 | AM13: 2.7 | AN13: 1490 | AO13: 2661 | AP13: 50 | AQ13: 141627 | AR13: 1 | AS13: 1584 | AT13: 5785 | AU13: 50 | AV13: 307897 | AW13: 2.1 | AX13: 1748 | AY13: 2629 | AZ13: 112 | BA13: 313430 | BB13: 2.1
... A99: data/Silvertop Ash/SA-50 (9).txt | B99: Silvertop Ash | C99: 50 kW/m2 | D99: 20.52 counts | E99: 0.995506 | F99: 1365 | G99: 22091 | H99: 200 | I99: 4703028 | J99: 47.7 | K99: =H99/Q99 -> 1.8348624 | L99: =I99/R99 -> 1.3999911 | M99: =G99/P99 -> 0.7629952 | N99: =O99-F99 -> 223 | O99: 1588 | P99: 28953 | Q99: 109 | R99: 3359327 | S99: 34.1 | T99: 1073 | U99: 2381 | V99: 168 | W99: 425795 | X99: 4.3 | Y99: 1190 | Z99: 4895 | AA99: 114 | AB99: 594005 | AC99: 6 | AD99: 1264 | AE99: 697 | AF99: 50 | AG99: 37097 | AH99: 0.4 | AI99: 1458 | AJ99: 1939 | AK99: 50 | AL99: 103200 | AM99: 1 | AN99: 1498 | AO99: 4879 | AP99: 54 | AQ99: 280451 | AR99: 2.8 | AS99: 1584 | AT99: 1493 | AU99: 50 | AV99: 79462 | AW99: 0.8 | AX99: 1732 | AY99: 2341 | AZ99: 108 | BA99: 269127 | BB99: 2.7

Sheet SpottedGum
A1: File | B1: Vegetation | C1: Thermal Energy | D1: Std Err | E1: R_sqrd | F1: D pos | G1: D ht | H1: D fwhm | I1: D area | J1: D %area | K1: D fwhm/ G_G fwhm | L1: AD/AG | M1: R1= Dht/G ht | N1: Band separation | O1: G_G pos | P1: G_G ht | Q1: G_G fwhm | R1: G_G area | S1: G_G %area | T1: S_L pos | U1: S_L ht | V1: S_L fwhm | W1: S_L area | X1: S_L %area | Y1: S pos | Z1: S ht | AA1: S fwhm | AB1: S area | AC1: S %area | AD1: D_S pos | AE1: D_S ht | AF1: D_S fwhm | AG1: D_S area | AH1: D_S %area | AI1: A_1 pos | AJ1: A_1 ht | AK1: A_1 fwhm | AL1: A_1 area | AM1: A_1 %area | AN1: A_2 pos | AO1: A_2 ht | AP1: A_2 fwhm | AQ1: A_2 area | AR1: A_2 %area | AS1: G_L pos | AT1: G_L ht | AU1: G_L fwhm | AV1: G_L area | AW1: G_L %area | AX1: C pos | AY1: C ht | AZ1: C fwhm | BA1: C area | BB1: C %area
A2: data/Spotted Gum/SG-25(1).txt | B2: Spotted Gum | C2: 25 kW/m2 | D2: 14.00 counts | E2: 0.996135 | F2: 1365 | G2: 14673 | H2: 200 | I2: 3123785 | J2: 44 | K2: 1.8348624 | L2: 1.1856668 | M2: =G2/P2 -> 0.6461884 | N2: 223 | O2: 1588 | P2: 22707 | Q2: 109 | R2: 2634623 | S2: 37.1 | T2: 1073 | U2: 1569 | V2: 166 | W2: 277245 | X2: 3.9 | Y2: 1188 | Z2: 3571 | AA2: 112 | AB2: 425736 | AC2: 6 | AD2: 1260 | AE2: 573 | AF2: 50 | AG2: 30497 | AH2: 0.4 | AI2: 1458 | AJ2: 2193 | AK2: 58 | AL2: 135394 | AM2: 1.9 | AN2: 1500 | AO2: 3133 | AP2: 54 | AQ2: 180089 | AR2: 2.5 | AS2: 1590 | AT2: 1167 | AU2: 50 | AV2: 62112 | AW2: 0.9 | AX2: 1734 | AY2: 1987 | AZ2: 108 | BA2: 228430 | BB2: 3.2
A3: data/Spotted Gum/SG-25(2).txt | B3: Spotted Gum | C3: 25 kW/m2 | D3: 27.46 counts | E3: 0.995679 | F3: 1365 | G3: 26957 | H3: 200 | I3: 5738968 | J3: 44.2 | K3: 1.7094017 | L3: 1.1476761 | M3: =G3/P3 -> 0.6713905 | N3: 219 | O3: 1584 | P3: 40151 | Q3: 117 | R3: 5000512 | S3: 38.5 | T3: 1073 | U3: 2241 | V3: 144 | W3: 343508 | X3: 2.6 | Y3: 1184 | Z3: 5487 | AA3: 110 | AB3: 642480 | AC3: 4.9 | AD3: 1254 | AE3: 441 | AF3: 50 | AG3: 23471 | AH3: 0.2 | AI3: 1448 | AJ3: 3853 | AK3: 56 | AL3: 229678 | AM3: 1.8 | AN3: 1486 | AO3: 4713 | AP3: 50 | AQ3: 250842 | AR3: 1.9 | AS3: 1598 | AT3: 4227 | AU3: 50 | AV3: 224975 | AW3: 1.7 | AX3: 1740 | AY3: 4133 | AZ3: 120 | BA3: 527933 | BB3: 4.1
A4: data/Spotted Gum/SG-25(3).txt | B4: Spotted Gum | C4: 25 kW/m2 | D4: 23.10 counts | E4: 0.995137 | F4: 1365 | G4: 21399 | H4: 200 | I4: 4555706 | J4: 43.7 | K4: 1.6806723 | L4: 1.1114281 | M4: =G4/P4 -> 0.66129979 | N4: 221 | O4: 1586 | P4: 32359 | Q4: 119 | R4: 4098966 | S4: 39.3 | T4: 1073 | U4: 2163 | V4: 158 | W4: 363786 | X4: 3.5 | Y4: 1186 | Z4: 4885 | AA4: 110 | AB4: 571991 | AC4: 5.5 | AD4: 1252 | AE4: 817 | AF4: 50 | AG4: 43483 | AH4: 0.4 | AI4: 1458 | AJ4: 2885 | AK4: 64 | AL4: 196543 | AM4: 1.9 | AN4: 1490 | AO4: 2515 | AP4: 52 | AQ4: 139211 | AR4: 1.3 | AS4: 1592 | AT4: 2509 | AU4: 50 | AV4: 133537 | AW4: 1.3 | AX4: 1746 | AY4: 2731 | AZ4: 114 | BA4: 331405 | BB4: 3.2
A5: data/Spotted Gum/SG-25(4).txt | B5: Spotted Gum | C5: 25 kW/m2 | D5: 18.20 counts | E5: =AVERAGE(E2:E4) -> 0.99565033 | F5: =AVERAGE(F2:F4) -> 1365 | G5: =AVERAGE(G2:G4) -> 21009.667 | H5: =AVERAGE(H2:H4) -> 200 | I5: =AVERAGE(I2:I4) -> 4472819.7 | J5: =AVERAGE(J2:J4) -> 43.966667 | K5: =AVERAGE(K2:K4) -> 1.7416455 | L5: =AVERAGE(L2:L4) -> 1.148257 | M5: =G5/P5 -> 0.66195112 | N5: =AVERAGE(N2:N4) -> 221 | O5: =AVERAGE(O2:O4) -> 1586 | P5: =AVERAGE(P2:P4) -> 31739 | Q5: =AVERAGE(Q2:Q4) -> 115 | R5: =AVERAGE(R2:R4) -> 3911367 | S5: =AVERAGE(S2:S4) -> 38.3 | T5: =AVERAGE(T2:T4) -> 1073 | U5: =AVERAGE(U2:U4) -> 1991 | ... BB5: =AVERAGE(BB2:BB4) -> 3.5
A6: data/Spotted Gum/SG-25(5).txt | B6: Spotted Gum | C6: 25 kW/m2 | D6: 24.04 counts | E6: 0.995015 | F6: 1367 | G6: 21707 | H6: 200 | I6: 4621277 | J6: 42.4 | K6: 1.7094017 | L6: 1.1095953 | M6: =G6/P6 -> 0.64911336 | N6: 219 | O6: 1586 | P6: 33441 | Q6: 117 | R6: 4164831 | S6: 38.3 | T6: 1073 | U6: 2525 | V6: 180 | W6: 483800 | X6: 4.4 | Y6: 1188 | Z6: 4777 | AA6: 112 | AB6: 569515 | AC6: 5.2 | AD6: 1256 | AE6: 791 | AF6: 50 | AG6: 42100 | AH6: 0.4 | AI6: 1450 | AJ6: 3709 | AK6: 58 | AL6: 228990 | AM6: 2.1 | AN6: 1496 | AO6: 3729 | AP6: 50 | AQ6: 198470 | AR6: 1.8 | AS6: 1594 | AT6: 2961 | AU6: 50 | AV6: 157594 | AW6: 1.4 | AX6: 1740 | AY6: 3535 | AZ6: 112 | BA6: 421444 | BB6: 3.9
A7: data/Spotted Gum/SG-35(1).txt | B7: Spotted Gum | C7: 35 kW/m2 | D7: 27.09 counts | E7: 0.994717 | F7: 1365 | G7: 24641 | H7: 200 | I7: 5245906 | J7: 45.2 | K7: 1.980198 | L7: 1.2418003 | M7: =G7/P7 -> 0.62710915 | N7: 225 | O7: 1590 | P7: 39293 | Q7: 101 | R7: 4224436 | S7: 36.4 | T7: 1073 | U7: 2251 | V7: 138 | W7: 330664 | X7: 2.8 | Y7: 1186 | Z7: 6591 | AA7: 108 | AB7: 757717 | AC7: 6.5 | AD7: 1256 | AE7: 1495 | AF7: 50 | AG7: 79569 | AH7: 0.7 | AI7: 1458 | AJ7: 3321 | AK7: 58 | AL7: 205036 | AM7: 1.8 | AN7: 1500 | AO7: 5783 | AP7: 52 | AQ7: 320102 | AR7: 2.8 | AS7: 1592 | AT7: 929 | AU7: 50 | AV7: 49444 | AW7: 0.4 | AX7: 1730 | AY7: 3389 | AZ7: 110 | BA7: 396823 | BB7: 3.4
A8: data/Spotted Gum/SG-35(2).txt | B8: Spotted Gum | C8: 35 kW/m2 | D8: 32.37 counts | E8: 0.99249 | F8: 1367 | G8: 25029 | H8: 200 | I8: 5328509 | J8: 44.8 | K8: 1.8018018 | L8: 1.2001941 | M8: =G8/P8 -> 0.66610778 | N8: 221 | O8: 1588 | P8: 37575 | Q8: 111 | R8: 4439706 | S8: 37.3 | T8: 1073 | U8: 2431 | V8: 170 | W8: 439912 | X8: 3.7 | Y8: 1190 | Z8: 6321 | AA8: 112 | AB8: 753592 | AC8: 6.3 | AD8: 1260 | AE8: 1279 | AF8: 50 | AG8: 68073 | AH8: 0.6 | AI8: 1458 | AJ8: 2525 | AK8: 54 | AL8: 145140 | AM8: 1.2 | AN8: 1492 | AO8: 3865 | AP8: 50 | AQ8: 205708 | AR8: 1.7 | AS8: 1592 | AT8: 2193 | AU8: 50 | AV8: 116719 | AW8: 1 | AX8: 1738 | AY8: 3065 | AZ8: 120 | BA8: 391511 | BB8: 3.3
A9: data/Spotted Gum/SG-35(3).txt | B9: Spotted Gum | C9: 35 kW/m2 | D9: 37.54 counts | E9: 0.994271 | F9: 1365 | G9: 32811 | H9: 200 | I9: 6985246 | J9: 45.1 | K9: 1.980198 | L9: 1.246949 | M9: =G9/P9 -> 0.62970924 | N9: 225 | O9: 1590 | P9: 52105 | Q9: 101 | R9: 5601870 | S9: 36.1 | T9: 1073 | U9: 3017 | V9: 172 | W9: 552377 | X9: 3.6 | Y9: 1188 | Z9: 8137 | AA9: 110 | AB9: 952773 | AC9: 6.1 | AD9: 1256 | AE9: 1711 | AF9: 50 | AG9: 91065 | AH9: 0.6 | AI9: 1458 | AJ9: 4489 | AK9: 60 | AL9: 286704 | AM9: 1.9 | AN9: 1500 | AO9: 7403 | AP9: 52 | AQ9: 409773 | AR9: 2.6 | AS9: 1592 | AT9: 1263 | AU9: 50 | AV9: 67221 | AW9: 0.4 | AX9: 1728 | AY9: 4527 | AZ9: 114 | BA9: 549348 | BB9: 3.5
A10: data/Spotted Gum/SG-35(4).txt | B10: Spotted Gum | C10: 35 kW/m2 | D10: 41.89 counts | E10: 0.995402 | F10: 1365 | G10: 40659 | H10: 200 | I10: 8656033 | J10: 45 | K10: 1.8348624 | L10: 1.2106858 | M10: =G10/P10 -> 0.65982376 | N10: 221 | O10: 1586 | P10: 61621 | Q10: 109 | R10: 7149694 | S10: 37.1 | T10: 1073 | U10: 3967 | V10: 142 | W10: 599629 | X10: 3.1 | Y10: 1186 | Z10: 9999 | AA10: 112 | AB10: 1192084 | AC10: 6.2 | AD10: 1250 | AE10: 2277 | AF10: 50 | AG10: 121190 | AH10: 0.6 | AI10: 1458 | AJ10: 5251 | AK10: 58 | AL10: 324192 | AM10: 1.7 | AN10: 1492 | AO10: 5825 | AP10: 50 | AQ10: 310026 | AR10: 1.6 | AS10: 1596 | AT10: 5257 | AU10: 50 | AV10: 279795 | AW10: 1.5 | AX10: 1732 | AY10: 5549 | AZ10: 104 | BA10: 614300 | BB10: 3.2
A11: data/Spotted Gum/SG-35(5).txt | B11: Spotted Gum | C11: 35 kW/m2 | D11: 31.00 counts | E11: 0.993974 | F11: 1365 | G11: 26597 | H11: 200 | I11: 5662326 | J11: 44.9 | K11: 1.8018018 | L11: 1.200434 | M11: =G11/P11 -> 0.66624083 | N11: 221 | O11: 1586 | P11: 39921 | Q11: 111 | R11: 4716899 | S11: 37.4 | T11: 1073 | U11: 2575 | V11: 158 | W11: 433078 | X11: 3.4 | Y11: 1188 | Z11: 6677 | AA11: 108 | AB11: 767604 | AC11: 6.1 | AD11: 1256 | AE11: 1213 | AF11: 50 | AG11: 64560 | AH11: 0.5 | AI11: 1456 | AJ11: 3045 | AK11: 50 | AL11: 162065 | AM11: 1.3 | AN11: 1490 | AO11: 4045 | AP11: 50 | AQ11: 215288 | AR11: 1.7 | AS11: 1596 | AT11: 3195 | AU11: 50 | AV11: 170049 | AW11: 1.3 | AX11: 1730 | AY11: 3755 | AZ11: 104 | BA11: 415696 | BB11: 3.3
A12: data/Spotted Gum/SG-50(1).txt | B12: Spotted Gum | C12: 50 kW/m2 | D12: 13.78 counts | E12: 0.997577 | F12: 1367 | G12: 16463 | H12: 200 | I12: 3504864 | J12: 42.9 | K12: 1.7391304 | L12: 1.0567008 | M12: =G12/P12 -> 0.60760288 | N12: 217 | O12: 1584 | P12: 27095 | Q12: 115 | R12: 3316799 | S12: 40.6 | T12: 1073 | U12: 1347 | V12: 164 | W12: 235149 | X12: 2.9 | Y12: 1184 | Z12: 3805 | AA12: 104 | AB12: 421231 | AC12: 5.2 | AD12: 1260 | AE12: 909 | AF12: 50 | AG12: 48380 | AH12: 0.6 | AI12: 1454 | AJ12: 2803 | AK12: 56 | AL12: 167087 | AM12: 2 | AN12: 1496 | AO12: 2793 | AP12: 50 | AQ12: 148653 | AR12: 1.8 | AS12: 1590 | AT12: 3047 | AU12: 50 | AV12: 162172 | AW12: 2 | AX12: 1742 | AY12: 1679 | AZ12: 96 | BA12: 171575 | BB12: 2.1
A13: data/Spotted Gum/SG-50(2).txt | B13: Spotted Gum | C13: 50 kW/m2 | D13: 22.38 counts | E13: 0.992692 | F13: 1367 | G13: 14343 | H13: 200 | I13: 3053530 | J13: 43.8 | K13: 1.7699115 | L13: 1.0086955 | M13: =G13/P13 -> 0.56991298 | N13: 217 | O13: 1584 | P13: 25167 | Q13: 113 | R13: 3027207 | S13: 43.4 | T13: 1073 | U13: 453 | V13: 124 | W13: 59793 | X13: 0.9 | Y13: 1184 | Z13: 2823 | AA13: 104 | AB13: 312519 | AC13: 4.5 | AD13: 1260 | AE13: 335 | AF13: 50 | AG13: 17830 | AH13: 0.3 | AI13: 1456 | AJ13: 2685 | AK13: 58 | AL13: 165769 | AM13: 2.4 | AN13: 1500 | AO13: 2625 | AP13: 50 | AQ13: 139711 | AR13: 2 | AS13: 1590 | AT13: 2593 | AU13: 50 | AV13: 138008 | AW13: 2 | AX13: 1730 | AY13: 987 | AZ13: 58 | BA13: 60936 | BB13: 0.9
A14: data/Spotted Gum/SG-50(3).txt | B14: Spotted Gum | C14: 50 kW/m2 | D14: 107.25 counts | E14: 0.96114 | F14: 1369 | G14: 18521 | H14: 148 | I14: 2917819 | J14: 29.2 | K14: 1.7831325 | L14: 0.5736863 | M14: =G14/P14 -> 0.32172946 | N14: 223 | O14: 1592 | P14: 57567 | Q14: 83 | R14: 5086088 | S14: 50.9 | T14: 975 | U14: 1 | V14: 50 | W14: 53 | X14: 0 | Y14: 1150 | Z14: 1 | AA14: 50 | AB14: 53 | AC14: 0 | AD14: 1298 | AE14: 433 | AF14: 50 | AG14: 23046 | AH14: 0.2 | AI14: 1454 | AJ14: 9999 | AK14: 104 | AL14: 1106935 | AM14: 11.1 | AN14: 1520 | AO14: 9999 | AP14: 68 | AQ14: 723765 | AR14: 7.2 | AS14: 1570 | AT14: 1405 | AU14: 90 | AV14: 134602 | AW14: 1.3 | AX14: 1700 | AY14: 1 | AZ14: 50 | BA14: 53 | BB14: 0
A15: data/Spotted Gum/SG-50(4).txt | B15: Spotted Gum | C15: 50 kW/m2 | D15: 18.50 counts | E15: 0.994282 | F15: 1365 | G15: 12067 | H15: 200 | I15: 2568985 | J15: 44.4 | K15: 2.020202 | L15: 0.98819506 | M15: =G15/P15 -> 0.48915643 | N15: 219 | O15: 1584 | P15: 24669 | Q15: 99 | R15: 2599674 | S15: 44.9 | T15: 1073 | U15: 1 | V15: 50 | W15: 53 | X15: 0 | Y15: 1178 | Z15: 1661 | AA15: 76 | AB15: 134374 | AC15: 2.3 | AD15: 1250 | AE15: 279 | AF15: 50 | AG15: 14849 | AH15: 0.3 | AI15: 1452 | AJ15: 2145 | AK15: 62 | AL15: 141563 | AM15: 2.4 | AN15: 1496 | AO15: 3585 | AP15: 56 | AQ15: 213702 | AR15: 3.7 | AS15: 1598 | AT15: 1973 | AU15: 50 | AV15: 105010 | AW15: 1.8 | AX15: 1700 | AY15: 203 | AZ15: 50 | BA15: 10804 | BB15: 0.2
A16: data/Spotted Gum/SG-50(5).txt | B16: Spotted Gum | C16: 50 kW/m2 | D16: 13.19 counts | E16: 0.997835 | F16: 1367 | G16: 16701 | H16: 200 | I16: 3555533 | J16: 42.5 | K16: 1.7391304 | L16: 1.0588467 | M16: =G16/P16 -> 0.60883672 | N16: 217 | O16: 1584 | P16: 27431 | Q16: 115 | R16: 3357930 | S16: 40.1 | T16: 1073 | U16: 1559 | V16: 152 | W16: 252245 | X16: 3 | Y16: 1186 | Z16: 3963 | AA16: 110 | AB16: 464033 | AC16: 5.5 | AD16: 1258 | AE16: 925 | AF16: 50 | AG16: 49232 | AH16: 0.6 | AI16: 1452 | AJ16: 2923 | AK16: 60 | AL16: 186686 | AM16: 2.2 | AN16: 1496 | AO16: 3155 | AP16: 50 | AQ16: 167920 | AR16: 2 | AS16: 1590 | AT16: 2677 | AU16: 50 | AV16: 142479 | AW16: 1.7 | AX16: 1736 | AY16: 1989 | AZ16: 90 | BA16: 190550 | BB16: 2.3
A19: =2*SQRT(2*LN(2)) -> 2.35482 | B19: =MAX(B22:B919) -> 14672.872 | C19: =MAX(C22:C919) -> 22706.675 | D19: =MAX(D22:D919) -> 1568.9976 | E19: =MAX(E22:E919) -> 3571.0013 | F19: =MAX(F22:F919) -> 900.27148 | G19: =MAX(G22:G919) -> 2192.5823 | H19: =MAX(H22:H919) -> 3133.0055 | I19: =MAX(I22:I919) -> 1166.614 | ... L19: =MAX(L22:L919) -> 24306.606 | AJ19: =MAX(AJ22:AJ572) -> 24350.578
B21: D | C21: G_G | D21: S_L | E21: S | F21: D_S | G21: A_1 | H21: A_2 | I21: G_L | J21: C | K21: TOTAL | L21: Chris | M21: diff | AA21: D | AB21: G_G | AC21: S_L | AD21: S | AE21: D_S | AF21: A_1 | AG21: A_2 | AH21: G_L | AI21: C | AJ21: TOTAL
A22: 900.27148 | B22: 900.27148 | C22: 900.27148 | D22: 900.27148 | E22: 900.27148 | F22: 900.27148 | G22: 900.27148 | H22: 900.27148 | I22: 900.27148 | J22: 900.27148 | K22: 900.27148 | L22: 43.12811 | M22: =K22-L22 -> 857.14337 | N22: =SUM(K22:K919) -> 5780993.6 | O22: =SUM(L22:L919) -> 5818863.9 | P22: =(O22-N22)/N22 -> 0.0065508257 | Z22: 900 | AA22: =$I$2*_xlfn.NORM.DIST($Z22,$F$2,$H$2/$A$19,0) -> 0.0045446229 | AB22: =$R$2*_xlfn.NORM.DIST($Z22,$O$2,$Q$2/$A$19,0) -> 2.4183379e-44 | AC22: =$W$2*_xlfn.NORM.DIST($Z22,$T$2,$V$2/$A$19,0) -> 77.23426 | AD22: =$AB$2*_xlfn.NORM.DIST($Z22,$Y$2,$AA$2/$A$19,0) -> 3.8981086e-05 | AE22: =$AG$2*_xlfn.NORM.DIST($Z22,$AD$2,$AF$2/$A$19,0) -> 2.170576e-60 | AF22: =$AL$2*_xlfn.NORM.DIST($Z22,$AI$2,$AK$2/$A$19,0) -> 7.7714113e-109 | AG22: =$AQ$2*_xlfn.NORM.DIST($Z22,$AN$2,$AP$2/$A$19,0) -> 6.9051519e-146 | AH22: =$AV$2*_xlfn.NORM.DIST($Z22,$AS$2,$AU$2/$A$19,0) -> 5.6815104e-227 | AI22: =$BA$2*_xlfn.NORM.DIST($Z22,$AX$2,$AZ$2/$A$19,0) -> 3.1135236e-69 | AJ22: =SUM(AA22:AI22) -> 77.238844
A23: 901.60938 | B23: =$I$2*_xlfn.NORM.DIST($A23,$F$2,$H$2/$A$19,0) -> 0.005040523 | C23: =$R$2*_xlfn.NORM.DIST($A23,$O$2,$Q$2/$A$19,0) -> 4.0521959e-44 | D23: =$W$2*_xlfn.NORM.DIST($A23,$T$2,$V$2/$A$19,0) -> 81.663751 | E23: =$AB$2*_xlfn.NORM.DIST($A23,$Y$2,$AA$2/$A$19,0) -> 4.7817803e-05 | F23: =$AG$2*_xlfn.NORM.DIST($A23,$AD$2,$AF$2/$A$19,0) -> 7.8241489e-60 | G23: =$AL$2*_xlfn.NORM.DIST($A23,$AI$2,$AK$2/$A$19,0) -> 3.4076944e-108 | H23: =$AQ$2*_xlfn.NORM.DIST($A23,$AN$2,$AP$2/$A$19,0) -> 4.3210115e-145 | I23: =$AV$2*_xlfn.NORM.DIST($A23,$AS$2,$AU$2/$A$19,0) -> 6.6516039e-226 | J23: =$BA$2*_xlfn.NORM.DIST($A23,$AX$2,$AZ$2/$A$19,0) -> 5.8899238e-69 | K23: =SUM(B23:J23) -> 81.668839 | L23: 45.513184 | M23: =K23-L23 -> 36.155655 | Z23: 902 | AA23: =$I$2*_xlfn.NORM.DIST($Z23,$F$2,$H$2/$A$19,0) -> 0.0051685535 | AB23: =$R$2*_xlfn.NORM.DIST($Z23,$O$2,$Q$2/$A$19,0) -> 4.5922159e-44 | AC23: =$W$2*_xlfn.NORM.DIST($Z23,$T$2,$V$2/$A$19,0) -> 82.770135 | AD23: =$AB$2*_xlfn.NORM.DIST($Z23,$Y$2,$AA$2/$A$19,0) -> 5.0240322e-05 | AE23: =$AG$2*_xlfn.NORM.DIST($Z23,$AD$2,$AF$2/$A$19,0) -> 1.0671403e-59 | AF23: =$AL$2*_xlfn.NORM.DIST($Z23,$AI$2,$AK$2/$A$19,0) -> 4.8752481e-108 | AG23: =$AQ$2*_xlfn.NORM.DIST($Z23,$AN$2,$AP$2/$A$19,0) -> 6.7385545e-145 | AH23: =$AV$2*_xlfn.NORM.DIST($Z23,$AS$2,$AU$2/$A$19,0) -> 1.2074959e-225 | AI23: =$BA$2*_xlfn.NORM.DIST($Z23,$AX$2,$AZ$2/$A$19,0) -> 6.8742837e-69 | AJ23: =SUM(AA23:AI23) -> 82.775354
A24: 902.94531 | B24: =$I$2*_xlfn.NORM.DIST($A24,$F$2,$H$2/$A$19,0) -> 0.0054915263 | C24: =$R$2*_xlfn.NORM.DIST($A24,$O$2,$Q$2/$A$19,0) -> 6.214089e-44 | D24: =$W$2*_xlfn.NORM.DIST($A24,$T$2,$V$2/$A$19,0) -> 85.499149 | E24: =$AB$2*_xlfn.NORM.DIST($A24,$Y$2,$AA$2/$A$19,0) -> 5.6607135e-05 | F24: =$AG$2*_xlfn.NORM.DIST($A24,$AD$2,$AF$2/$A$19,0) -> 2.2583524e-59 | G24: =$AL$2*_xlfn.NORM.DIST($A24,$AI$2,$AK$2/$A$19,0) -> 1.1586231e-107 | H24: =$AQ$2*_xlfn.NORM.DIST($A24,$AN$2,$AP$2/$A$19,0) -> 1.9726966e-144 | I24: =$AV$2*_xlfn.NORM.DIST($A24,$AS$2,$AU$2/$A$19,0) -> 5.1045707e-225 | J24: =$BA$2*_xlfn.NORM.DIST($A24,$AX$2,$AZ$2/$A$19,0) -> 9.9890038e-69 | K24: =SUM(B24:J24) -> 85.504697 | L24: 48.006341 | M24: =K24-L24 -> 37.498356 | Z24: 904 | AA24: =$I$2*_xlfn.NORM.DIST($Z24,$F$2,$H$2/$A$19,0) -> 0.0058748848 | AB24: =$R$2*_xlfn.NORM.DIST($Z24,$O$2,$Q$2/$A$19,0) -> 8.7039588e-44 | AC24: =$W$2*_xlfn.NORM.DIST($Z24,$T$2,$V$2/$A$19,0) -> 88.63143 | AD24: =$AB$2*_xlfn.NORM.DIST($Z24,$Y$2,$AA$2/$A$19,0) -> 6.4637263e-05 | AE24: =$AG$2*_xlfn.NORM.DIST($Z24,$AD$2,$AF$2/$A$19,0) -> 5.2001379e-59 | AF24: =$AL$2*_xlfn.NORM.DIST($Z24,$AI$2,$AK$2/$A$19,0) -> 3.0382954e-107 | AG24: =$AQ$2*_xlfn.NORM.DIST($Z24,$AN$2,$AP$2/$A$19,0) -> 6.5261458e-144 | AH24: =$AV$2*_xlfn.NORM.DIST($Z24,$AS$2,$AU$2/$A$19,0) -> 2.5436324e-224 | AI24: =$BA$2*_xlfn.NORM.DIST($Z24,$AX$2,$AZ$2/$A$19,0) -> 1.5148752e-68 | AJ24: =SUM(AA24:AI24) -> 88.63737
A25: 904.28125 | B25: =$I$2*_xlfn.NORM.DIST($A25,$F$2,$H$2/$A$19,0) -> 0.005981403 | C25: =$R$2*_xlfn.NORM.DIST($A25,$O$2,$Q$2/$A$19,0) -> 9.5214392e-44 | D25: =$W$2*_xlfn.NORM.DIST($A25,$T$2,$V$2/$A$19,0) -> 89.482532 | E25: =$AB$2*_xlfn.NORM.DIST($A25,$Y$2,$AA$2/$A$19,0) -> 6.6959167e-05 | F25: =$AG$2*_xlfn.NORM.DIST($A25,$AD$2,$AF$2/$A$19,0) -> 6.4927214e-59 | G25: =$AL$2*_xlfn.NORM.DIST($A25,$AI$2,$AK$2/$A$19,0) -> 3.9277664e-107 | H25: =$AQ$2*_xlfn.NORM.DIST($A25,$AN$2,$AP$2/$A$19,0) -> 8.9755432e-144 | I25: =$AV$2*_xlfn.NORM.DIST($A25,$AS$2,$AU$2/$A$19,0) -> 3.9018644e-224 | J25: =$BA$2*_xlfn.NORM.DIST($A25,$AX$2,$AZ$2/$A$19,0) -> 1.6926455e-68 | K25: =SUM(B25:J25) -> 89.488581 | L25: 50.614951 | M25: =K25-L25 -> 38.87363 | Z25: 906 | AA25: =$I$2*_xlfn.NORM.DIST($Z25,$F$2,$H$2/$A$19,0) -> 0.0066740411 | AB25: =$R$2*_xlfn.NORM.DIST($Z25,$O$2,$Q$2/$A$19,0) -> 1.6466473e-43 | AC25: =$W$2*_xlfn.NORM.DIST($Z25,$T$2,$V$2/$A$19,0) -> 94.831425 | AD25: =$AB$2*_xlfn.NORM.DIST($Z25,$Y$2,$AA$2/$A$19,0) -> 8.3012897e-05 | AE25: =$AG$2*_xlfn.NORM.DIST($Z25,$AD$2,$AF$2/$A$19,0) -> 2.5116262e-58 | AF25: =$AL$2*_xlfn.NORM.DIST($Z25,$AI$2,$AK$2/$A$19,0) -> 1.8810474e-106 | AG25: =$AQ$2*_xlfn.NORM.DIST($Z25,$AN$2,$AP$2/$A$19,0) -> 6.2725382e-143 | AH25: =$AV$2*_xlfn.NORM.DIST($Z25,$AS$2,$AU$2/$A$19,0) -> 5.3109212e-223 | AI25: =$BA$2*_xlfn.NORM.DIST($Z25,$AX$2,$AZ$2/$A$19,0) -> 3.3319649e-68 | AJ25: =SUM(AA25:AI25) -> 94.838182
A26: 905.61914 | B26: =$I$2*_xlfn.NORM.DIST($A26,$F$2,$H$2/$A$19,0) -> 0.0065141783 | C26: =$R$2*_xlfn.NORM.DIST($A26,$O$2,$Q$2/$A$19,0) -> 1.4586001e-43 | D26: =$W$2*_xlfn.NORM.DIST($A26,$T$2,$V$2/$A$19,0) -> 93.624034 | E26: =$AB$2*_xlfn.NORM.DIST($A26,$Y$2,$AA$2/$A$19,0) -> 7.9161169e-05 | F26: =$AG$2*_xlfn.NORM.DIST($A26,$AD$2,$AF$2/$A$19,0) -> 1.8621285e-58 | G26: =$AL$2*_xlfn.NORM.DIST($A26,$AI$2,$AK$2/$A$19,0) -> 1.3299771e-106 | H26: =$AQ$2*_xlfn.NORM.DIST($A26,$AN$2,$AP$2/$A$19,0) -> 4.0789315e-143 | I26: =$AV$2*_xlfn.NORM.DIST($A26,$AS$2,$AU$2/$A$19,0) -> 2.9795735e-223 | J26: =$BA$2*_xlfn.NORM.DIST($A26,$AX$2,$AZ$2/$A$19,0) -> 2.8679764e-68 | K26: =SUM(B26:J26) -> 93.630628 | L26: 53.347136 | M26: =K26-L26 -> 40.283492 | Z26: 908 | AA26: =$I$2*_xlfn.NORM.DIST($Z26,$F$2,$H$2/$A$19,0) -> 0.0075777029 | AB26: =$R$2*_xlfn.NORM.DIST($Z26,$O$2,$Q$2/$A$19,0) -> 3.1093781e-43 | AC26: =$W$2*_xlfn.NORM.DIST($Z26,$T$2,$V$2/$A$19,0) -> 101.38348 | AD26: =$AB$2*_xlfn.NORM.DIST($Z26,$Y$2,$AA$2/$A$19,0) -> 0.00010642416 | AE26: =$AG$2*_xlfn.NORM.DIST($Z26,$AD$2,$AF$2/$A$19,0) -> 1.2023806e-57 | AF26: =$AL$2*_xlfn.NORM.DIST($Z26,$AI$2,$AK$2/$A$19,0) -> 1.1569269e-105 | AG26: =$AQ$2*_xlfn.NORM.DIST($Z26,$AN$2,$AP$2/$A$19,0) -> 5.9831015e-142 | AH26: =$AV$2*_xlfn.NORM.DIST($Z26,$AS$2,$AU$2/$A$19,0) -> 1.0990873e-221 | AI26: =$BA$2*_xlfn.NORM.DIST($Z26,$AX$2,$AZ$2/$A$19,0) -> 7.3147265e-68 | AJ26: =SUM(AA26:AI26) -> 101.39117
A27: 906.95508 | B27: =$I$2*_xlfn.NORM.DIST($A27,$F$2,$H$2/$A$19,0) -> 0.0070917689 | C27: =$R$2*_xlfn.NORM.DIST($A27,$O$2,$Q$2/$A$19,0) -> 2.2311939e-43 | D27: =$W$2*_xlfn.NORM.DIST($A27,$T$2,$V$2/$A$19,0) -> 97.915546 | E27: =$AB$2*_xlfn.NORM.DIST($A27,$Y$2,$AA$2/$A$19,0) -> 9.3490027e-05 | F27: =$AG$2*_xlfn.NORM.DIST($A27,$AD$2,$AF$2/$A$19,0) -> 5.3113355e-58 | G27: =$AL$2*_xlfn.NORM.DIST($A27,$AI$2,$AK$2/$A$19,0) -> 4.4821918e-106 | H27: =$AQ$2*_xlfn.NORM.DIST($A27,$AN$2,$AP$2/$A$19,0) -> 1.8433032e-142 | I27: =$AV$2*_xlfn.NORM.DIST($A27,$AS$2,$AU$2/$A$19,0) -> 2.2595716e-222 | J27: =$BA$2*_xlfn.NORM.DIST($A27,$AX$2,$AZ$2/$A$19,0) -> 4.8515655e-68 | K27: =SUM(B27:J27) -> 97.922731 | L27: 56.199024 | M27: =K27-L27 -> 41.723707 | Z27: 910 | AA27: =$I$2*_xlfn.NORM.DIST($Z27,$F$2,$H$2/$A$19,0) -> 0.0085989504 | AB27: =$R$2*_xlfn.NORM.DIST($Z27,$O$2,$Q$2/$A$19,0) -> 5.860514e-43 | AC27: =$W$2*_xlfn.NORM.DIST($Z27,$T$2,$V$2/$A$19,0) -> 108.30103 | AD27: =$AB$2*_xlfn.NORM.DIST($Z27,$Y$2,$AA$2/$A$19,0) -> 0.00013619683 | AE27: =$AG$2*_xlfn.NORM.DIST($Z27,$AD$2,$AF$2/$A$19,0) -> 5.7052641e-57 | AF27: =$AL$2*_xlfn.NORM.DIST($Z27,$AI$2,$AK$2/$A$19,0) -> 7.0688471e-105 | AG27: =$AQ$2*_xlfn.NORM.DIST($Z27,$AN$2,$AP$2/$A$19,0) -> 5.6637744e-141 | AH27: =$AV$2*_xlfn.NORM.DIST($Z27,$AS$2,$AU$2/$A$19,0) -> 2.2544536e-220 | AI27: =$BA$2*_xlfn.NORM.DIST($Z27,$AX$2,$AZ$2/$A$19,0) -> 1.6027652e-67 | AJ27: =SUM(AA27:AI27) -> 108.30976
A28: 908.29102 | B28: =$I$2*_xlfn.NORM.DIST($A28,$F$2,$H$2/$A$19,0) -> 0.007718663 | C28: =$R$2*_xlfn.NORM.DIST($A28,$O$2,$Q$2/$A$19,0) -> 3.4101759e-43 | D28: =$W$2*_xlfn.NORM.DIST($A28,$T$2,$V$2/$A$19,0) -> 102.367 | E28: =$AB$2*_xlfn.NORM.DIST($A28,$Y$2,$AA$2/$A$19,0) -> 0.00011032547 | F28: =$AG$2*_xlfn.NORM.DIST($A28,$AD$2,$AF$2/$A$19,0) -> 1.5089642e-57 | G28: =$AL$2*_xlfn.NORM.DIST($A28,$AI$2,$AK$2/$A$19,0) -> 1.5061196e-105 | H28: =$AQ$2*_xlfn.NORM.DIST($A28,$AN$2,$AP$2/$A$19,0) -> 8.301827e-142 | I28: =$AV$2*_xlfn.NORM.DIST($A28,$AS$2,$AU$2/$A$19,0) -> 1.7067879e-221 | J28: =$BA$2*_xlfn.NORM.DIST($A28,$AX$2,$AZ$2/$A$19,0) -> 8.2001143e-68 | K28: =SUM(B28:J28) -> 102.37483 | L28: 59.178686 | M28: =K28-L28 -> 43.196145 | Z28: 912 | AA28: =$I$2*_xlfn.NORM.DIST($Z28,$F$2,$H$2/$A$19,0) -> 0.0097524221 | AB28: =$R$2*_xlfn.NORM.DIST($Z28,$O$2,$Q$2/$A$19,0) -> 1.1025216e-42 | AC28: =$W$2*_xlfn.NORM.DIST($Z28,$T$2,$V$2/$A$19,0) -> 115.59748 | AD28: =$AB$2*_xlfn.NORM.DIST($Z28,$Y$2,$AA$2/$A$19,0) -> 0.00017399061 | AE28: =$AG$2*_xlfn.NORM.DIST($Z28,$AD$2,$AF$2/$A$19,0) -> 2.6832204e-56 | AF28: =$AL$2*_xlfn.NORM.DIST($Z28,$AI$2,$AK$2/$A$19,0) -> 4.2906955e-104 | AG28: =$AQ$2*_xlfn.NORM.DIST($Z28,$AN$2,$AP$2/$A$19,0) -> 5.3208625e-140 | AH28: =$AV$2*_xlfn.NORM.DIST($Z28,$AS$2,$AU$2/$A$19,0) -> 4.5835002e-219 | AI28: =$BA$2*_xlfn.NORM.DIST($Z28,$AX$2,$AZ$2/$A$19,0) -> 3.5052245e-67 | AJ28: =SUM(AA28:AI28) -> 115.6074
A29: 909.62695 | B29: =$I$2*_xlfn.NORM.DIST($A29,$F$2,$H$2/$A$19,0) -> 0.0083988941 | C29: =$R$2*_xlfn.NORM.DIST($A29,$O$2,$Q$2/$A$19,0) -> 5.2078007e-43 | D29: =$W$2*_xlfn.NORM.DIST($A29,$T$2,$V$2/$A$19,0) -> 106.9824 | E29: =$AB$2*_xlfn.NORM.DIST($A29,$Y$2,$AA$2/$A$19,0) -> 0.00013008991 | F29: =$AG$2*_xlfn.NORM.DIST($A29,$AD$2,$AF$2/$A$19,0) -> 4.270066e-57 | G29: =$AL$2*_xlfn.NORM.DIST($A29,$AI$2,$AK$2/$A$19,0) -> 5.0460367e-105 | H29: =$AQ$2*_xlfn.NORM.DIST($A29,$AN$2,$AP$2/$A$19,0) -> 3.7262856e-141 | I29: =$AV$2*_xlfn.NORM.DIST($A29,$AS$2,$AU$2/$A$19,0) -> 1.2841421e-220 | J29: =$BA$2*_xlfn.NORM.DIST($A29,$AX$2,$AZ$2/$A$19,0) -> 1.384807e-67 | K29: =SUM(B29:J29) -> 106.99093 | L29: 62.290342 | M29: =K29-L29 -> 44.700586 | Z29: 914 | AA29: =$I$2*_xlfn.NORM.DIST($Z29,$F$2,$H$2/$A$19,0) -> 0.01105449 | AB29: =$R$2*_xlfn.NORM.DIST($Z29,$O$2,$Q$2/$A$19,0) -> 2.0702733e-42 | AC29: =$W$2*_xlfn.NORM.DIST($Z29,$T$2,$V$2/$A$19,0) -> 123.28623 | AD29: =$AB$2*_xlfn.NORM.DIST($Z29,$Y$2,$AA$2/$A$19,0) -> 0.00022187925 | AE29: =$AG$2*_xlfn.NORM.DIST($Z29,$AD$2,$AF$2/$A$19,0) -> 1.2507882e-55 | AF29: =$AL$2*_xlfn.NORM.DIST($Z29,$AI$2,$AK$2/$A$19,0) -> 2.587279e-103 | AG29: =$AQ$2*_xlfn.NORM.DIST($Z29,$AN$2,$AP$2/$A$19,0) -> 4.9608334e-139 | AH29: =$AV$2*_xlfn.NORM.DIST($Z29,$AS$2,$AU$2/$A$19,0) -> 9.2363423e-218 | AI29: =$BA$2*_xlfn.NORM.DIST($Z29,$AX$2,$AZ$2/$A$19,0) -> 7.6513117e-67 | AJ29: =SUM(AA29:AI29) -> 123.2975
A30: 910.96094 | B30: =$I$2*_xlfn.NORM.DIST($A30,$F$2,$H$2/$A$19,0) -> 0.0091356893 | C30: =$R$2*_xlfn.NORM.DIST($A30,$O$2,$Q$2/$A$19,0) -> 7.9414953e-43 | D30: =$W$2*_xlfn.NORM.DIST($A30,$T$2,$V$2/$A$19,0) -> 111.75863 | E30: =$AB$2*_xlfn.NORM.DIST($A30,$Y$2,$AA$2/$A$19,0) -> 0.00015323746 | F30: =$AG$2*_xlfn.NORM.DIST($A30,$AD$2,$AF$2/$A$19,0) -> 1.2017516e-56 | G30: =$AL$2*_xlfn.NORM.DIST($A30,$AI$2,$AK$2/$A$19,0) -> 1.6826712e-104 | H30: =$AQ$2*_xlfn.NORM.DIST($A30,$AN$2,$AP$2/$A$19,0) -> 1.6632405e-140 | I30: =$AV$2*_xlfn.NORM.DIST($A30,$AS$2,$AU$2/$A$19,0) -> 9.5951242e-220 | J30: =$BA$2*_xlfn.NORM.DIST($A30,$AX$2,$AZ$2/$A$19,0) -> 2.3348469e-67 | K30: =SUM(B30:J30) -> 111.76792 | L30: 65.533425 | M30: =K30-L30 -> 46.234492 | Z30: 916 | AA30: =$I$2*_xlfn.NORM.DIST($Z30,$F$2,$H$2/$A$19,0) -> 0.012523454 | AB30: =$R$2*_xlfn.NORM.DIST($Z30,$O$2,$Q$2/$A$19,0) -> 3.8802303e-42 | AC30: =$W$2*_xlfn.NORM.DIST($Z30,$T$2,$V$2/$A$19,0) -> 131.38059 | AD30: =$AB$2*_xlfn.NORM.DIST($Z30,$Y$2,$AA$2/$A$19,0) -> 0.00028244873 | AE30: =$AG$2*_xlfn.NORM.DIST($Z30,$AD$2,$AF$2/$A$19,0) -> 5.7790706e-55 | AF30: =$AL$2*_xlfn.NORM.DIST($Z30,$AI$2,$AK$2/$A$19,0) -> 1.54987e-102 | AG30: =$AQ$2*_xlfn.NORM.DIST($Z30,$AN$2,$AP$2/$A$19,0) -> 4.5901171e-138 | AH30: =$AV$2*_xlfn.NORM.DIST($Z30,$AS$2,$AU$2/$A$19,0) -> 1.8448013e-216 | AI30: =$BA$2*_xlfn.NORM.DIST($Z30,$AX$2,$AZ$2/$A$19,0) -> 1.6669788e-66 | AJ30: =SUM(AA30:AI30) -> 131.39339
A31: 912.29688 | B31: =$I$2*_xlfn.NORM.DIST($A31,$F$2,$H$2/$A$19,0) -> 0.0099358861 | C31: =$R$2*_xlfn.NORM.DIST($A31,$O$2,$Q$2/$A$19,0) -> 1.2107566e-42 | D31: =$W$2*_xlfn.NORM.DIST($A31,$T$2,$V$2/$A$19,0) -> 116.71366 | E31: =$AB$2*_xlfn.NORM.DIST($A31,$Y$2,$AA$2/$A$19,0) -> 0.00018040476 | F31: =$AG$2*_xlfn.NORM.DIST($A31,$AD$2,$AF$2/$A$19,0) -> 3.3739172e-56 | G31: =$AL$2*_xlfn.NORM.DIST($A31,$AI$2,$AK$2/$A$19,0) -> 5.6044987e-104 | H31: =$AQ$2*_xlfn.NORM.DIST($A31,$AN$2,$AP$2/$A$19,0) -> 7.4150103e-140 | I31: =$AV$2*_xlfn.NORM.DIST($A31,$AS$2,$AU$2/$A$19,0) -> 7.1622294e-219 | J31: =$BA$2*_xlfn.NORM.DIST($A31,$AX$2,$AZ$2/$A$19,0) -> 3.9363284e-67 | K31: =SUM(B31:J31) -> 116.72378 | L31: 68.921749 | M31: =K31-L31 -> 47.802027 | Z31: 918 | AA31: =$I$2*_xlfn.NORM.DIST($Z31,$F$2,$H$2/$A$19,0) -> 0.014179754 | AB31: =$R$2*_xlfn.NORM.DIST($Z31,$O$2,$Q$2/$A$19,0) -> 7.2589955e-42 | AC31: =$W$2*_xlfn.NORM.DIST($Z31,$T$2,$V$2/$A$19,0) -> 139.89373 | AD31: =$AB$2*_xlfn.NORM.DIST($Z31,$Y$2,$AA$2/$A$19,0) -> 0.00035891751 | AE31: =$AG$2*_xlfn.NORM.DIST($Z31,$AD$2,$AF$2/$A$19,0) -> 2.6465435e-54 | AF31: =$AL$2*_xlfn.NORM.DIST($Z31,$AI$2,$AK$2/$A$19,0) -> 9.2232454e-102 | AG31: =$AQ$2*_xlfn.NORM.DIST($Z31,$AN$2,$AP$2/$A$19,0) -> 4.2149207e-137 | AH31: =$AV$2*_xlfn.NORM.DIST($Z31,$AS$2,$AU$2/$A$19,0) -> 3.6521281e-215 | AI31: =$BA$2*_xlfn.NORM.DIST($Z31,$AX$2,$AZ$2/$A$19,0) -> 3.6249199e-66 | AJ31: =SUM(AA31:AI31) -> 139.90827
A32: 913.63086 | B32: =$I$2*_xlfn.NORM.DIST($A32,$F$2,$H$2/$A$19,0) -> 0.010802179 | C32: =$R$2*_xlfn.NORM.DIST($A32,$O$2,$Q$2/$A$19,0) -> 1.8432435e-42 | D32: =$W$2*_xlfn.NORM.DIST($A32,$T$2,$V$2/$A$19,0) -> 121.83698 | E32: =$AB$2*_xlfn.NORM.DIST($A32,$Y$2,$AA$2/$A$19,0) -> 0.00021217075 | F32: =$AG$2*_xlfn.NORM.DIST($A32,$AD$2,$AF$2/$A$19,0) -> 9.4207025e-56 | G32: =$AL$2*_xlfn.NORM.DIST($A32,$AI$2,$AK$2/$A$19,0) -> 1.8579564e-103 | H32: =$AQ$2*_xlfn.NORM.DIST($A32,$AN$2,$AP$2/$A$19,0) -> 3.2873711e-139 | I32: =$AV$2*_xlfn.NORM.DIST($A32,$AS$2,$AU$2/$A$19,0) -> 5.3095066e-218 | J32: =$BA$2*_xlfn.NORM.DIST($A32,$AX$2,$AZ$2/$A$19,0) -> 6.6255959e-67 | K32: =SUM(B32:J32) -> 121.848 | L32: 72.449768 | M32: =K32-L32 -> 49.398229 | Z32: 920 | AA32: =$I$2*_xlfn.NORM.DIST($Z32,$F$2,$H$2/$A$19,0) -> 0.016046209 | AB32: =$R$2*_xlfn.NORM.DIST($Z32,$O$2,$Q$2/$A$19,0) -> 1.3554539e-41 | AC32: =$W$2*_xlfn.NORM.DIST($Z32,$T$2,$V$2/$A$19,0) -> 148.83865 | AD32: =$AB$2*_xlfn.NORM.DIST($Z32,$Y$2,$AA$2/$A$19,0) -> 0.0004552833 | AE32: =$AG$2*_xlfn.NORM.DIST($Z32,$AD$2,$AF$2/$A$19,0) -> 1.2012874e-53 | AF32: =$AL$2*_xlfn.NORM.DIST($Z32,$AI$2,$AK$2/$A$19,0) -> 5.4526635e-101 | AG32: =$AQ$2*_xlfn.NORM.DIST($Z32,$AN$2,$AP$2/$A$19,0) -> 3.8410641e-136 | AH32: =$AV$2*_xlfn.NORM.DIST($Z32,$AS$2,$AU$2/$A$19,0) -> 7.1662048e-214 | AI32: =$BA$2*_xlfn.NORM.DIST($Z32,$AX$2,$AZ$2/$A$19,0) -> 7.8675745e-66 | AJ32: =SUM(AA32:AI32) -> 148.85515
A33: 914.9668 | B33: =$I$2*_xlfn.NORM.DIST($A33,$F$2,$H$2/$A$19,0) -> 0.011742537 | C33: =$R$2*_xlfn.NORM.DIST($A33,$O$2,$Q$2/$A$19,0) -> 2.805527e-42 | D33: =$W$2*_xlfn.NORM.DIST($A33,$T$2,$V$2/$A$19,0) -> 127.14757 | E33: =$AB$2*_xlfn.NORM.DIST($A33,$Y$2,$AA$2/$A$19,0) -> 0.00024939275 | F33: =$AG$2*_xlfn.NORM.DIST($A33,$AD$2,$AF$2/$A$19,0) -> 2.6240216e-55 | G33: =$AL$2*_xlfn.NORM.DIST($A33,$AI$2,$AK$2/$A$19,0) -> 6.1520513e-103 | H33: =$AQ$2*_xlfn.NORM.DIST($A33,$AN$2,$AP$2/$A$19,0) -> 1.4556607e-138 | I33: =$AV$2*_xlfn.NORM.DIST($A33,$AS$2,$AU$2/$A$19,0) -> 3.9320272e-217 | J33: =$BA$2*_xlfn.NORM.DIST($A33,$AX$2,$AZ$2/$A$19,0) -> 1.1151199e-66 | K33: =SUM(B33:J33) -> 127.15956 | L33: 76.13222 | M33: =K33-L33 -> 51.027338 | Z33: 922 | AA33: =$I$2*_xlfn.NORM.DIST($Z33,$F$2,$H$2/$A$19,0) -> 0.018148276 | AB33: =$R$2*_xlfn.NORM.DIST($Z33,$O$2,$Q$2/$A$19,0) -> 2.5262843e-41 | AC33: =$W$2*_xlfn.NORM.DIST($Z33,$T$2,$V$2/$A$19,0) -> 158.2281 | AD33: =$AB$2*_xlfn.NORM.DIST($Z33,$Y$2,$AA$2/$A$19,0) -> 0.00057650206 | AE33: =$AG$2*_xlfn.NORM.DIST($Z33,$AD$2,$AF$2/$A$19,0) -> 5.4045755e-53 | AF33: =$AL$2*_xlfn.NORM.DIST($Z33,$AI$2,$AK$2/$A$19,0) -> 3.2023595e-100 | AG33: =$AQ$2*_xlfn.NORM.DIST($Z33,$AN$2,$AP$2/$A$19,0) -> 3.4738433e-135 | AH33: =$AV$2*_xlfn.NORM.DIST($Z33,$AS$2,$AU$2/$A$19,0) -> 1.3937319e-212 | AI33: =$BA$2*_xlfn.NORM.DIST($Z33,$AX$2,$AZ$2/$A$19,0) -> 1.7043447e-65 | AJ33: =SUM(AA33:AI33) -> 158.24683
A34: 916.30078 | B34: =$I$2*_xlfn.NORM.DIST($A34,$F$2,$H$2/$A$19,0) -> 0.012760046 | C34: =$R$2*_xlfn.NORM.DIST($A34,$O$2,$Q$2/$A$19,0) -> 4.2640116e-42 | D34: =$W$2*_xlfn.NORM.DIST($A34,$T$2,$V$2/$A$19,0) -> 132.63381 | E34: =$AB$2*_xlfn.NORM.DIST($A34,$Y$2,$AA$2/$A$19,0) -> 0.00029284484 | F34: =$AG$2*_xlfn.NORM.DIST($A34,$AD$2,$AF$2/$A$19,0) -> 7.2691792e-55 | G34: =$AL$2*_xlfn.NORM.DIST($A34,$AI$2,$AK$2/$A$19,0) -> 2.0275379e-102 | H34: =$AQ$2*_xlfn.NORM.DIST($A34,$AN$2,$AP$2/$A$19,0) -> 6.4099656e-138 | I34: =$AV$2*_xlfn.NORM.DIST($A34,$AS$2,$AU$2/$A$19,0) -> 2.8919551e-216 | J34: =$BA$2*_xlfn.NORM.DIST($A34,$AX$2,$AZ$2/$A$19,0) -> 1.8737854e-66 | K34: =SUM(B34:J34) -> 132.64686 | L34: 79.962766 | M34: =K34-L34 -> 52.684094 | Z34: 924 | AA34: =$I$2*_xlfn.NORM.DIST($Z34,$F$2,$H$2/$A$19,0) -> 0.020514336 | AB34: =$R$2*_xlfn.NORM.DIST($Z34,$O$2,$Q$2/$A$19,0) -> 4.6996864e-41 | AC34: =$W$2*_xlfn.NORM.DIST($Z34,$T$2,$V$2/$A$19,0) -> 168.07454 | AD34: =$AB$2*_xlfn.NORM.DIST($Z34,$Y$2,$AA$2/$A$19,0) -> 0.00072870555 | AE34: =$AG$2*_xlfn.NORM.DIST($Z34,$AD$2,$AF$2/$A$19,0) -> 2.4100335e-52 | AF34: =$AL$2*_xlfn.NORM.DIST($Z34,$AI$2,$AK$2/$A$19,0) -> 1.8683917e-99 | AG34: =$AQ$2*_xlfn.NORM.DIST($Z34,$AN$2,$AP$2/$A$19,0) -> 3.1179232e-134 | AH34: =$AV$2*_xlfn.NORM.DIST($Z34,$AS$2,$AU$2/$A$19,0) -> 2.6866809e-211 | AI34: =$BA$2*_xlfn.NORM.DIST($Z34,$AX$2,$AZ$2/$A$19,0) -> 3.6850904e-65 | AJ34: =SUM(AA34:AI34) -> 168.09578
... A572: 1596.6445 | B572: =$I$2*_xlfn.NORM.DIST($A572,$F$2,$H$2/$A$19,0) -> 355.80856 | C572: =$R$2*_xlfn.NORM.DIST($A572,$O$2,$Q$2/$A$19,0) -> 22314.452 | D572: =$W$2*_xlfn.NORM.DIST($A572,$T$2,$V$2/$A$19,0) -> 1.6356663e-09 | E572: =$AB$2*_xlfn.NORM.DIST($A572,$Y$2,$AA$2/$A$19,0) -> 3.3350396e-13 | F572: =$AG$2*_xlfn.NORM.DIST($A572,$AD$2,$AF$2/$A$19,0) -> 1.490079e-52 | G572: =$AL$2*_xlfn.NORM.DIST($A572,$AI$2,$AK$2/$A$19,0) -> 0.00028876921 | H572: =$AQ$2*_xlfn.NORM.DIST($A572,$AN$2,$AP$2/$A$19,0) -> 0.43558724 | I572: =$AV$2*_xlfn.NORM.DIST($A572,$AS$2,$AU$2/$A$19,0) -> 1111.242 | J572: =$BA$2*_xlfn.NORM.DIST($A572,$AX$2,$AZ$2/$A$19,0) -> 22.414683 | K572: =SUM(B572:J572) -> 23804.353 | L572: 23729.633 | M572: =K572-L572 -> 74.719251 | Z572: 2000 | AA572: =$I$2*_xlfn.NORM.DIST($Z572,$F$2,$H$2/$A$19,0) -> 1.0671782e-08 | AB572: =$R$2*_xlfn.NORM.DIST($Z572,$O$2,$Q$2/$A$19,0) -> 1.4219426e-13 | AC572: =$W$2*_xlfn.NORM.DIST($Z572,$T$2,$V$2/$A$19,0) -> 4.4193066e-35 | AD572: =$AB$2*_xlfn.NORM.DIST($Z572,$Y$2,$AA$2/$A$19,0) -> 1.8248768e-60 | AE572: =$AG$2*_xlfn.NORM.DIST($Z572,$AD$2,$AF$2/$A$19,0) -> 1.0179206e-261 | AF572: =$AL$2*_xlfn.NORM.DIST($Z572,$AI$2,$AK$2/$A$19,0) -> 1.54987e-102 | AG572: =$AQ$2*_xlfn.NORM.DIST($Z572,$AN$2,$AP$2/$A$19,0) -> 1.8284398e-100 | AH572: =$AV$2*_xlfn.NORM.DIST($Z572,$AS$2,$AU$2/$A$19,0) -> 1.2648693e-78 | AI572: =$BA$2*_xlfn.NORM.DIST($Z572,$AX$2,$AZ$2/$A$19,0) -> 9.8578163e-05 | AJ572: =SUM(AA572:AI572) -> 9.8588835e-05
A573: 1597.8438 | B573: =$I$2*_xlfn.NORM.DIST($A573,$F$2,$H$2/$A$19,0) -> 342.33265 | C573: =$R$2*_xlfn.NORM.DIST($A573,$O$2,$Q$2/$A$19,0) -> 22199.295 | D573: =$W$2*_xlfn.NORM.DIST($A573,$T$2,$V$2/$A$19,0) -> 1.4412897e-09 | E573: =$AB$2*_xlfn.NORM.DIST($A573,$Y$2,$AA$2/$A$19,0) -> 2.6846066e-13 | F573: =$AG$2*_xlfn.NORM.DIST($A573,$AD$2,$AF$2/$A$19,0) -> 6.0760858e-53 | G573: =$AL$2*_xlfn.NORM.DIST($A573,$AI$2,$AK$2/$A$19,0) -> 0.00021928516 | H573: =$AQ$2*_xlfn.NORM.DIST($A573,$AN$2,$AP$2/$A$19,0) -> 0.34895107 | I573: =$AV$2*_xlfn.NORM.DIST($A573,$AS$2,$AU$2/$A$19,0) -> 1090.0344 | J573: =$BA$2*_xlfn.NORM.DIST($A573,$AX$2,$AZ$2/$A$19,0) -> 24.232229 | K573: =SUM(B573:J573) -> 23656.243 | L573: 23582.426 | M573: =K573-L573 -> 73.816504
A574: 1599.041 | B574: =$I$2*_xlfn.NORM.DIST($A574,$F$2,$H$2/$A$19,0) -> 329.32234 | C574: =$R$2*_xlfn.NORM.DIST($A574,$O$2,$Q$2/$A$19,0) -> 22070.135 | D574: =$W$2*_xlfn.NORM.DIST($A574,$T$2,$V$2/$A$19,0) -> 1.2699072e-09 | E574: =$AB$2*_xlfn.NORM.DIST($A574,$Y$2,$AA$2/$A$19,0) -> 2.1604207e-13 | F574: =$AG$2*_xlfn.NORM.DIST($A574,$AD$2,$AF$2/$A$19,0) -> 2.4733809e-53 | G574: =$AL$2*_xlfn.NORM.DIST($A574,$AI$2,$AK$2/$A$19,0) -> 0.00016620163 | H574: =$AQ$2*_xlfn.NORM.DIST($A574,$AN$2,$AP$2/$A$19,0) -> 0.27888551 | I574: =$AV$2*_xlfn.NORM.DIST($A574,$AS$2,$AU$2/$A$19,0) -> 1065.868 | J574: =$BA$2*_xlfn.NORM.DIST($A574,$AX$2,$AZ$2/$A$19,0) -> 26.175969 | K574: =SUM(B574:J574) -> 23491.781 | L574: 23420.166 | M574: =K574-L574 -> 71.615002
A575: 1600.2383 | B575: =$I$2*_xlfn.NORM.DIST($A575,$F$2,$H$2/$A$19,0) -> 316.74354 | C575: =$R$2*_xlfn.NORM.DIST($A575,$O$2,$Q$2/$A$19,0) -> 21927.053 | D575: =$W$2*_xlfn.NORM.DIST($A575,$T$2,$V$2/$A$19,0) -> 1.118581e-09 | E575: =$AB$2*_xlfn.NORM.DIST($A575,$Y$2,$AA$2/$A$19,0) -> 1.7374843e-13 | F575: =$AG$2*_xlfn.NORM.DIST($A575,$AD$2,$AF$2/$A$19,0) -> 1.0036392e-53 | G575: =$AL$2*_xlfn.NORM.DIST($A575,$AI$2,$AK$2/$A$19,0) -> 0.00012567104 | H575: =$AQ$2*_xlfn.NORM.DIST($A575,$AN$2,$AP$2/$A$19,0) -> 0.22228165 | I575: =$AV$2*_xlfn.NORM.DIST($A575,$AS$2,$AU$2/$A$19,0) -> 1038.9288 | J575: =$BA$2*_xlfn.NORM.DIST($A575,$AX$2,$AZ$2/$A$19,0) -> 28.256359 | K575: =SUM(B575:J575) -> 23311.204 | L575: 23243.183 | M575: =K575-L575 -> 68.021458
A576: 1601.4375 | B576: =$I$2*_xlfn.NORM.DIST($A576,$F$2,$H$2/$A$19,0) -> 304.56517 | C576: =$R$2*_xlfn.NORM.DIST($A576,$O$2,$Q$2/$A$19,0) -> 21770.062 | D576: =$W$2*_xlfn.NORM.DIST($A576,$T$2,$V$2/$A$19,0) -> 9.8479846e-10 | E576: =$AB$2*_xlfn.NORM.DIST($A576,$Y$2,$AA$2/$A$19,0) -> 1.3959606e-13 | F576: =$AG$2*_xlfn.NORM.DIST($A576,$AD$2,$AF$2/$A$19,0) -> 4.0535983e-54 | G576: =$AL$2*_xlfn.NORM.DIST($A576,$AI$2,$AK$2/$A$19,0) -> 9.475635e-05 | H576: =$AQ$2*_xlfn.NORM.DIST($A576,$AN$2,$AP$2/$A$19,0) -> 0.1766175 | I576: =$AV$2*_xlfn.NORM.DIST($A576,$AS$2,$AU$2/$A$19,0) -> 1009.4059 | J576: =$BA$2*_xlfn.NORM.DIST($A576,$AX$2,$AZ$2/$A$19,0) -> 30.485066 | K576: =SUM(B576:J576) -> 23114.695 | L576: 23051.755 | M576: =K576-L576 -> 62.939463
A577: 1602.6348 | B577: =$I$2*_xlfn.NORM.DIST($A577,$F$2,$H$2/$A$19,0) -> 292.81549 | C577: =$R$2*_xlfn.NORM.DIST($A577,$O$2,$Q$2/$A$19,0) -> 21599.98 | D577: =$W$2*_xlfn.NORM.DIST($A577,$T$2,$V$2/$A$19,0) -> 8.6694594e-10 | E577: =$AB$2*_xlfn.NORM.DIST($A577,$Y$2,$AA$2/$A$19,0) -> 1.121256e-13 | F577: =$AG$2*_xlfn.NORM.DIST($A577,$AD$2,$AF$2/$A$19,0) -> 1.6344178e-54 | G577: =$AL$2*_xlfn.NORM.DIST($A577,$AI$2,$AK$2/$A$19,0) -> 7.1310605e-05 | H577: =$AQ$2*_xlfn.NORM.DIST($A577,$AN$2,$AP$2/$A$19,0) -> 0.14000441 | I577: =$AV$2*_xlfn.NORM.DIST($A577,$AS$2,$AU$2/$A$19,0) -> 977.65203 | J577: =$BA$2*_xlfn.NORM.DIST($A577,$AX$2,$AZ$2/$A$19,0) -> 32.863075 | K577: =SUM(B577:J577) -> 22903.45 | L577: 22847.144 | M577: =K577-L577 -> 56.306476
A578: 1603.832 | B578: =$I$2*_xlfn.NORM.DIST($A578,$F$2,$H$2/$A$19,0) -> 281.46318 | C578: =$R$2*_xlfn.NORM.DIST($A578,$O$2,$Q$2/$A$19,0) -> 21416.893 | D578: =$W$2*_xlfn.NORM.DIST($A578,$T$2,$V$2/$A$19,0) -> 7.6297699e-10 | E578: =$AB$2*_xlfn.NORM.DIST($A578,$Y$2,$AA$2/$A$19,0) -> 9.0003896e-14 | F578: =$AG$2*_xlfn.NORM.DIST($A578,$AD$2,$AF$2/$A$19,0) -> 6.5690859e-55 | G578: =$AL$2*_xlfn.NORM.DIST($A578,$AI$2,$AK$2/$A$19,0) -> 5.3539442e-05 | H578: =$AQ$2*_xlfn.NORM.DIST($A578,$AN$2,$AP$2/$A$19,0) -> 0.11067918 | I578: =$AV$2*_xlfn.NORM.DIST($A578,$AS$2,$AU$2/$A$19,0) -> 943.89124 | J578: =$BA$2*_xlfn.NORM.DIST($A578,$AX$2,$AZ$2/$A$19,0) -> 35.402445 | K578: =SUM(B578:J578) -> 22677.761 | L578: 22629.715 | M578: =K578-L578 -> 48.046181
A579: 1605.0293 | B579: =$I$2*_xlfn.NORM.DIST($A579,$F$2,$H$2/$A$19,0) -> 270.49722 | C579: =$R$2*_xlfn.NORM.DIST($A579,$O$2,$Q$2/$A$19,0) -> 21221.157 | D579: =$W$2*_xlfn.NORM.DIST($A579,$T$2,$V$2/$A$19,0) -> 6.7128284e-10 | E579: =$AB$2*_xlfn.NORM.DIST($A579,$Y$2,$AA$2/$A$19,0) -> 7.220089e-14 | F579: =$AG$2*_xlfn.NORM.DIST($A579,$AD$2,$AF$2/$A$19,0) -> 2.6318773e-55 | G579: =$AL$2*_xlfn.NORM.DIST($A579,$AI$2,$AK$2/$A$19,0) -> 4.0102115e-05 | H579: =$AQ$2*_xlfn.NORM.DIST($A579,$AN$2,$AP$2/$A$19,0) -> 0.08725819 | I579: =$AV$2*_xlfn.NORM.DIST($A579,$AS$2,$AU$2/$A$19,0) -> 908.40342 | J579: =$BA$2*_xlfn.NORM.DIST($A579,$AX$2,$AZ$2/$A$19,0) -> 38.112057 | K579: =SUM(B579:J579) -> 22438.257 | L579: 22400.156 | M579: =K579-L579 -> 38.100655
A580: 1606.2266 | B580: =$I$2*_xlfn.NORM.DIST($A580,$F$2,$H$2/$A$19,0) -> 259.90685 | C580: =$R$2*_xlfn.NORM.DIST($A580,$O$2,$Q$2/$A$19,0) -> 21013.146 | D580: =$W$2*_xlfn.NORM.DIST($A580,$T$2,$V$2/$A$19,0) -> 5.904381e-10 | E580: =$AB$2*_xlfn.NORM.DIST($A580,$Y$2,$AA$2/$A$19,0) -> 5.7882675e-14 | F580: =$AG$2*_xlfn.NORM.DIST($A580,$AD$2,$AF$2/$A$19,0) -> 1.0511036e-55 | G580: =$AL$2*_xlfn.NORM.DIST($A580,$AI$2,$AK$2/$A$19,0) -> 2.9966397e-05 | H580: =$AQ$2*_xlfn.NORM.DIST($A580,$AN$2,$AP$2/$A$19,0) -> 0.068606085 | I580: =$AV$2*_xlfn.NORM.DIST($A580,$AS$2,$AU$2/$A$19,0) -> 871.4746 | J580: =$BA$2*_xlfn.NORM.DIST($A580,$AX$2,$AZ$2/$A$19,0) -> 41.001104 | K580: =SUM(B580:J580) -> 22185.597 | L580: 22159.172 | M580: =K580-L580 -> 26.424825
A581: 1607.4219 | B581: =$I$2*_xlfn.NORM.DIST($A581,$F$2,$H$2/$A$19,0) -> 249.69788 | C581: =$R$2*_xlfn.NORM.DIST($A581,$O$2,$Q$2/$A$19,0) -> 20793.626 | D581: =$W$2*_xlfn.NORM.DIST($A581,$T$2,$V$2/$A$19,0) -> 5.1928908e-10 | E581: =$AB$2*_xlfn.NORM.DIST($A581,$Y$2,$AA$2/$A$19,0) -> 4.6391325e-14 | F581: =$AG$2*_xlfn.NORM.DIST($A581,$AD$2,$AF$2/$A$19,0) -> 4.1908149e-56 | G581: =$AL$2*_xlfn.NORM.DIST($A581,$AI$2,$AK$2/$A$19,0) -> 2.2350364e-05 | H581: =$AQ$2*_xlfn.NORM.DIST($A581,$AN$2,$AP$2/$A$19,0) -> 0.053815651 | I581: =$AV$2*_xlfn.NORM.DIST($A581,$AS$2,$AU$2/$A$19,0) -> 833.45598 | J581: =$BA$2*_xlfn.NORM.DIST($A581,$AX$2,$AZ$2/$A$19,0) -> 44.073922 | K581: =SUM(B581:J581) -> 21920.908 | L581: 21907.897 | M581: =K581-L581 -> 13.011065
A582: 1608.6191 | B582: =$I$2*_xlfn.NORM.DIST($A582,$F$2,$H$2/$A$19,0) -> 239.82657 | C582: =$R$2*_xlfn.NORM.DIST($A582,$O$2,$Q$2/$A$19,0) -> 20562.296 | D582: =$W$2*_xlfn.NORM.DIST($A582,$T$2,$V$2/$A$19,0) -> 4.5648622e-10 | E582: =$AB$2*_xlfn.NORM.DIST($A582,$Y$2,$AA$2/$A$19,0) -> 3.7144359e-14 | F582: =$AG$2*_xlfn.NORM.DIST($A582,$AD$2,$AF$2/$A$19,0) -> 1.6631022e-56 | G582: =$AL$2*_xlfn.NORM.DIST($A582,$AI$2,$AK$2/$A$19,0) -> 1.6622685e-05 | H582: =$AQ$2*_xlfn.NORM.DIST($A582,$AN$2,$AP$2/$A$19,0) -> 0.042082282 | I582: =$AV$2*_xlfn.NORM.DIST($A582,$AS$2,$AU$2/$A$19,0) -> 794.50974 | J582: =$BA$2*_xlfn.NORM.DIST($A582,$AX$2,$AZ$2/$A$19,0) -> 47.350376 | K582: =SUM(B582:J582) -> 21644.025 | L582: 21646.226 | M582: =K582-L582 -> -2.2003805
A583: 1609.8145 | B583: =$I$2*_xlfn.NORM.DIST($A583,$F$2,$H$2/$A$19,0) -> 230.31501 | C583: =$R$2*_xlfn.NORM.DIST($A583,$O$2,$Q$2/$A$19,0) -> 20320.345 | D583: =$W$2*_xlfn.NORM.DIST($A583,$T$2,$V$2/$A$19,0) -> 4.012477e-10 | E583: =$AB$2*_xlfn.NORM.DIST($A583,$Y$2,$AA$2/$A$19,0) -> 2.973254e-14 | F583: =$AG$2*_xlfn.NORM.DIST($A583,$AD$2,$AF$2/$A$19,0) -> 6.5889621e-57 | G583: =$AL$2*_xlfn.NORM.DIST($A583,$AI$2,$AK$2/$A$19,0) -> 1.233968e-05 | H583: =$AQ$2*_xlfn.NORM.DIST($A583,$AN$2,$AP$2/$A$19,0) -> 0.032830942 | I583: =$AV$2*_xlfn.NORM.DIST($A583,$AS$2,$AU$2/$A$19,0) -> 755.04399 | J583: =$BA$2*_xlfn.NORM.DIST($A583,$AX$2,$AZ$2/$A$19,0) -> 50.829882 | K583: =SUM(B583:J583) -> 21356.567 | L583: 21375.727 | M583: =K583-L583 -> -19.159971
A584: 1611.0098 | B584: =$I$2*_xlfn.NORM.DIST($A584,$F$2,$H$2/$A$19,0) -> 221.13687 | C584: =$R$2*_xlfn.NORM.DIST($A584,$O$2,$Q$2/$A$19,0) -> 20067.855 | D584: =$W$2*_xlfn.NORM.DIST($A584,$T$2,$V$2/$A$19,0) -> 3.5259205e-10 | E584: =$AB$2*_xlfn.NORM.DIST($A584,$Y$2,$AA$2/$A$19,0) -> 2.378465e-14 | F584: =$AG$2*_xlfn.NORM.DIST($A584,$AD$2,$AF$2/$A$19,0) -> 2.6021865e-57 | G584: =$AL$2*_xlfn.NORM.DIST($A584,$AI$2,$AK$2/$A$19,0) -> 9.1386847e-06 | H584: =$AQ$2*_xlfn.NORM.DIST($A584,$AN$2,$AP$2/$A$19,0) -> 0.025543908 | I584: =$AV$2*_xlfn.NORM.DIST($A584,$AS$2,$AU$2/$A$19,0) -> 715.26822 | J584: =$BA$2*_xlfn.NORM.DIST($A584,$AX$2,$AZ$2/$A$19,0) -> 54.528029 | K584: =SUM(B584:J584) -> 21058.813 | L584: 21096.688 | M584: =K584-L584 -> -37.874982
... A919: 1999.1406 | B919: =$I$2*_xlfn.NORM.DIST($A919,$F$2,$H$2/$A$19,0) -> 1.150984e-08 | C919: =$R$2*_xlfn.NORM.DIST($A919,$O$2,$Q$2/$A$19,0) -> 1.6771602e-13 | D919: =$W$2*_xlfn.NORM.DIST($A919,$T$2,$V$2/$A$19,0) -> 5.1873289e-35 | E919: =$AB$2*_xlfn.NORM.DIST($A919,$Y$2,$AA$2/$A$19,0) -> 2.4838827e-60 | F919: =$AG$2*_xlfn.NORM.DIST($A919,$AD$2,$AF$2/$A$19,0) -> 4.1682546e-261 | G919: =$AL$2*_xlfn.NORM.DIST($A919,$AI$2,$AK$2/$A$19,0) -> 3.3379293e-102 | H919: =$AQ$2*_xlfn.NORM.DIST($A919,$AN$2,$AP$2/$A$19,0) -> 4.1365871e-100 | I919: =$AV$2*_xlfn.NORM.DIST($A919,$AS$2,$AU$2/$A$19,0) -> 2.7612217e-78 | J919: =$BA$2*_xlfn.NORM.DIST($A919,$AX$2,$AZ$2/$A$19,0) -> 0.00010987572 | K919: =SUM(B919:J919) -> 0.00010988723 | L919: 0.000277 | M919: =K919-L919 -> -0.00016711277

Sheet Matlab
A1: =Blackbutt!A1 -> File | B1: Intensity | C1: R_sqrd | D1: =Blackbutt!F1 -> D pos | E1: =Blackbutt!H1 -> D fwhm | F1: =Blackbutt!I1 -> D area | G1: =Blackbutt!N1 -> G_G pos | H1: =Blackbutt!P1 -> G_G fwhm | I1: =Blackbutt!Q1 -> G_G area | J1: =Blackbutt!S1 -> S_L pos | K1: =Blackbutt!U1 -> S_L fwhm | L1: =Blackbutt!V1 -> S_L area | M1: =Blackbutt!X1 -> S pos | N1: =Blackbutt!Z1 -> S fwhm | O1: =Blackbutt!AA1 -> S area | P1: =Blackbutt!AC1 -> D_S pos | Q1: =Blackbutt!AE1 -> D_S fwhm | R1: =Blackbutt!AF1 -> D_S area | S1: =Blackbutt!AH1 -> A_1 pos | T1: =Blackbutt!AJ1 -> A_1 fwhm | U1: =Blackbutt!AK1 -> A_1 area | V1: =Blackbutt!AM1 -> A_2 pos | W1: =Blackbutt!AO1 -> A_2 fwhm | X1: =Blackbutt!AP1 -> A_2 area | Y1: =Blackbutt!AR1 -> G_L pos | Z1: =Blackbutt!AT1 -> G_L fwhm | AA1: =Blackbutt!AU1 -> G_L area | AB1: =Blackbutt!AW1 -> C pos | AC1: =Blackbutt!AY1 -> C fwhm | AD1: =Blackbutt!AZ1 -> C area
A2: =Blackbutt!A2 -> data/Blackbutt Eucalyptus/BE- 25 (2).txt | B2: =VALUE(MID(A2,31,2)) -> 25 | C2: =Blackbutt!E2 -> 0.993322 | D2: =Blackbutt!F2 -> 1365 | E2: =Blackbutt!H2 -> 200 | F2: =Blackbutt!I2 -> 7755068 | G2: =Blackbutt!N2 -> 1588 | H2: =Blackbutt!P2 -> 111 | I2: =Blackbutt!Q2 -> 5771322 | J2: =Blackbutt!S2 -> 1073 | K2: =Blackbutt!U2 -> 166 | L2: =Blackbutt!V2 -> 646904 | M2: =Blackbutt!X2 -> 1188 | N2: =Blackbutt!Z2 -> 112 | O2: =Blackbutt!AA2 -> 937668 | P2: =Blackbutt!AC2 -> 1264 | Q2: =Blackbutt!AE2 -> 50 | R2: =Blackbutt!AF2 -> 81804 | S2: =Blackbutt!AH2 -> 1458 | T2: =Blackbutt!AJ2 -> 50 | U2: =Blackbutt!AK2 -> 96813 | V2: =Blackbutt!AM2 -> 1492 | W2: =Blackbutt!AO2 -> 50 | X2: =Blackbutt!AP2 -> 305768 | Y2: =Blackbutt!AR2 -> 1592 | Z2: =Blackbutt!AT2 -> 50 | AA2: =Blackbutt!AU2 -> 143756 | AB2: =Blackbutt!AW2 -> 1734 | AC2: =Blackbutt!AY2 -> 100 | AD2: =Blackbutt!AZ2 -> 454421
A3: =Blackbutt!A3 -> data/Blackbutt Eucalyptus/BE- 25 (3).txt | B3: =VALUE(MID(A3,31,2)) -> 25 | C3: =Blackbutt!E3 -> 0.995251 | D3: =Blackbutt!F3 -> 1365 | E3: =Blackbutt!H3 -> 200 | F3: =Blackbutt!I3 -> 9363265 | G3: =Blackbutt!N3 -> 1588 | H3: =Blackbutt!P3 -> 109 | I3: =Blackbutt!Q3 -> 6671663 | J3: =Blackbutt!S3 -> 1073 | K3: =Blackbutt!U3 -> 160 | L3: =Blackbutt!V3 -> 774421 | M3: =Blackbutt!X3 -> 1194 | N3: =Blackbutt!Z3 -> 118 | O3: =Blackbutt!AA3 -> 1213742 | P3: =Blackbutt!AC3 -> 1272 | Q3: =Blackbutt!AE3 -> 50 | R3: =Blackbutt!AF3 -> 19320 | S3: =Blackbutt!AH3 -> 1458 | T3: =Blackbutt!AJ3 -> 50 | U3: =Blackbutt!AK3 -> 199428 | V3: =Blackbutt!AM3 -> 1498 | W3: =Blackbutt!AO3 -> 52 | X3: =Blackbutt!AP3 -> 463908 | Y3: =Blackbutt!AR3 -> 1586 | Z3: =Blackbutt!AT3 -> 50 | AA3: =Blackbutt!AU3 -> 203899 | AB3: =Blackbutt!AW3 -> 1732 | AC3: =Blackbutt!AY3 -> 108 | AD3: =Blackbutt!AZ3 -> 660459
A4: =Blackbutt!A4 -> data/Blackbutt Eucalyptus/BE- 25 (4).txt | B4: =VALUE(MID(A4,31,2)) -> 25 | C4: =Blackbutt!E4 -> 0.995017 | D4: =Blackbutt!F4 -> 1365 | E4: =Blackbutt!H4 -> 200 | F4: =Blackbutt!I4 -> 6218404 | G4: =Blackbutt!N4 -> 1586 | H4: =Blackbutt!P4 -> 109 | I4: =Blackbutt!Q4 -> 4306571 | J4: =Blackbutt!S4 -> 1073 | K4: =Blackbutt!U4 -> 180 | L4: =Blackbutt!V4 -> 570789 | M4: =Blackbutt!X4 -> 1192 | N4: =Blackbutt!Z4 -> 116 | O4: =Blackbutt!AA4 -> 732102 | P4: =Blackbutt!AC4 -> 1268 | Q4: =Blackbutt!AE4 -> 50 | R4: =Blackbutt!AF4 -> 25813 | S4: =Blackbutt!AH4 -> 1458 | T4: =Blackbutt!AJ4 -> 50 | U4: =Blackbutt!AK4 -> 107458 | V4: =Blackbutt!AM4 -> 1494 | W4: =Blackbutt!AO4 -> 50 | X4: =Blackbutt!AP4 -> 229552 | Y4: =Blackbutt!AR4 -> 1594 | Z4: =Blackbutt!AT4 -> 50 | AA4: =Blackbutt!AU4 -> 173881 | AB4: =Blackbutt!AW4 -> 1728 | AC4: =Blackbutt!AY4 -> 104 | AD4: =Blackbutt!AZ4 -> 383813
A5: =Blackbutt!A5 -> data/Blackbutt Eucalyptus/BE- 25 (5).txt | B5: =VALUE(MID(A5,31,2)) -> 25 | C5: =Blackbutt!E5 -> 0.993975 | D5: =Blackbutt!F5 -> 1365 | E5: =Blackbutt!H5 -> 200 | F5: =Blackbutt!I5 -> 4490135 | G5: =Blackbutt!N5 -> 1590 | H5: =Blackbutt!P5 -> 101 | I5: =Blackbutt!Q5 -> 2967846 | J5: =Blackbutt!S5 -> 1073 | K5: =Blackbutt!U5 -> 172 | L5: =Blackbutt!V5 -> 374782 | M5: =Blackbutt!X5 -> 1188 | N5: =Blackbutt!Z5 -> 114 | O5: =Blackbutt!AA5 -> 511730 | P5: =Blackbutt!AC5 -> 1266 | Q5: =Blackbutt!AE5 -> 50 | R5: =Blackbutt!AF5 -> 24642 | S5: =Blackbutt!AH5 -> 1458 | T5: =Blackbutt!AJ5 -> 50 | U5: =Blackbutt!AK5 -> 56576 | V5: =Blackbutt!AM5 -> 1498 | W5: =Blackbutt!AO5 -> 52 | X5: =Blackbutt!AP5 -> 256115 | Y5: =Blackbutt!AR5 -> 1598 | Z5: =Blackbutt!AT5 -> 50 | AA5: =Blackbutt!AU5 -> 34755 | AB5: =Blackbutt!AW5 -> 1724 | AC5: =Blackbutt!AY5 -> 114 | AD5: =Blackbutt!AZ5 -> 277040
A6: =Blackbutt!A6 -> data/Blackbutt Eucalyptus/BE- 35 (1).txt | B6: =VALUE(MID(A6,31,2)) -> 35 | C6: =Blackbutt!E6 -> 0.992744 | D6: =Blackbutt!F6 -> 1365 | E6: =Blackbutt!H6 -> 200 | F6: =Blackbutt!I6 -> 4063496 | G6: =Blackbutt!N6 -> 1586 | H6: =Blackbutt!P6 -> 109 | I6: =Blackbutt!Q6 -> 2806807 | J6: =Blackbutt!S6 -> 1073 | K6: =Blackbutt!U6 -> 158 | L6: =Blackbutt!V6 -> 338558 | M6: =Blackbutt!X6 -> 1192 | N6: =Blackbutt!Z6 -> 118 | O6: =Blackbutt!AA6 -> 540236 | P6: =Blackbutt!AC6 -> 1270 | Q6: =Blackbutt!AE6 -> 50 | R6: =Blackbutt!AF6 -> 17723 | S6: =Blackbutt!AH6 -> 1458 | T6: =Blackbutt!AJ6 -> 50 | U6: =Blackbutt!AK6 -> 82549 | V6: =Blackbutt!AM6 -> 1496 | W6: =Blackbutt!AO6 -> 50 | X6: =Blackbutt!AP6 -> 167707 | Y6: =Blackbutt!AR6 -> 1594 | Z6: =Blackbutt!AT6 -> 50 | AA6: =Blackbutt!AU6 -> 120444 | AB6: =Blackbutt!AW6 -> 1728 | AC6: =Blackbutt!AY6 -> 110 | AD6: =Blackbutt!AZ6 -> 255845
A7: =Blackbutt!A7 -> data/Blackbutt Eucalyptus/BE- 35 (2).txt | B7: =VALUE(MID(A7,31,2)) -> 35 | C7: =Blackbutt!E7 -> 0.99622 | D7: =Blackbutt!F7 -> 1365 | E7: =Blackbutt!H7 -> 200 | F7: =Blackbutt!I7 -> 4247862 | G7: =Blackbutt!N7 -> 1584 | H7: =Blackbutt!P7 -> 119 | I7: =Blackbutt!Q7 -> 3269520 | J7: =Blackbutt!S7 -> 1073 | K7: =Blackbutt!U7 -> 174 | L7: =Blackbutt!V7 -> 442484 | M7: =Blackbutt!X7 -> 1186 | N7: =Blackbutt!Z7 -> 114 | O7: =Blackbutt!AA7 -> 502993 | P7: =Blackbutt!AC7 -> 1256 | Q7: =Blackbutt!AE7 -> 50 | R7: =Blackbutt!AF7 -> 44867 | S7: =Blackbutt!AH7 -> 1456 | T7: =Blackbutt!AJ7 -> 50 | U7: =Blackbutt!AK7 -> 85956 | V7: =Blackbutt!AM7 -> 1488 | W7: =Blackbutt!AO7 -> 50 | X7: =Blackbutt!AP7 -> 132579 | Y7: =Blackbutt!AR7 -> 1594 | Z7: =Blackbutt!AT7 -> 50 | AA7: =Blackbutt!AU7 -> 161107 | AB7: =Blackbutt!AW7 -> 1740 | AC7: =Blackbutt!AY7 -> 114 | AD7: =Blackbutt!AZ7 -> 290631
A8: =Blackbutt!A8 -> data/Blackbutt Eucalyptus/BE- 35 (3).txt | B8: =VALUE(MID(A8,31,2)) -> 35 | C8: =Blackbutt!E8 -> 0.993667 | D8: =Blackbutt!F8 -> 1365 | E8: =Blackbutt!H8 -> 200 | F8: =Blackbutt!I8 -> 3454196 | G8: =Blackbutt!N8 -> 1590 | H8: =Blackbutt!P8 -> 101 | I8: =Blackbutt!Q8 -> 2782282 | J8: =Blackbutt!S8 -> 1073 | K8: =Blackbutt!U8 -> 152 | L8: =Blackbutt!V8 -> 250303 | M8: =Blackbutt!X8 -> 1190 | N8: =Blackbutt!Z8 -> 112 | O8: =Blackbutt!AA8 -> 501083 | P8: =Blackbutt!AC8 -> 1258 | Q8: =Blackbutt!AE8 -> 50 | R8: =Blackbutt!AF8 -> 31987 | S8: =Blackbutt!AH8 -> 1458 | T8: =Blackbutt!AJ8 -> 56 | U8: =Blackbutt!AK8 -> 133348 | V8: =Blackbutt!AM8 -> 1500 | W8: =Blackbutt!AO8 -> 50 | X8: =Blackbutt!AP8 -> 197618 | Y8: =Blackbutt!AR8 -> 1592 | Z8: =Blackbutt!AT8 -> 50 | AA8: =Blackbutt!AU8 -> 23791 | AB8: =Blackbutt!AW8 -> 1730 | AC8: =Blackbutt!AY8 -> 118 | AD8: =Blackbutt!AZ8 -> 250335
A9: =Blackbutt!A9 -> data/Blackbutt Eucalyptus/BE- 35 (4).txt | B9: =VALUE(MID(A9,31,2)) -> 35 | C9: =Blackbutt!E9 -> 0.993732 | D9: =Blackbutt!F9 -> 1365 | E9: =Blackbutt!H9 -> 200 | F9: =Blackbutt!I9 -> 3887221 | G9: =Blackbutt!N9 -> 1588 | H9: =Blackbutt!P9 -> 109 | I9: =Blackbutt!Q9 -> 2946271 | J9: =Blackbutt!S9 -> 1073 | K9: =Blackbutt!U9 -> 148 | L9: =Blackbutt!V9 -> 285622 | M9: =Blackbutt!X9 -> 1188 | N9: =Blackbutt!Z9 -> 114 | O9: =Blackbutt!AA9 -> 544009 | P9: =Blackbutt!AC9 -> 1262 | Q9: =Blackbutt!AE9 -> 50 | R9: =Blackbutt!AF9 -> 36245 | S9: =Blackbutt!AH9 -> 1458 | T9: =Blackbutt!AJ9 -> 54 | U9: =Blackbutt!AK9 -> 90533 | V9: =Blackbutt!AM9 -> 1492 | W9: =Blackbutt!AO9 -> 52 | X9: =Blackbutt!AP9 -> 175411 | Y9: =Blackbutt!AR9 -> 1592 | Z9: =Blackbutt!AT9 -> 50 | AA9: =Blackbutt!AU9 -> 87552 | AB9: =Blackbutt!AW9 -> 1736 | AC9: =Blackbutt!AY9 -> 110 | AD9: =Blackbutt!AZ9 -> 249990
A10: =Blackbutt!A10 -> data/Blackbutt Eucalyptus/BE- 35 (5).txt | B10: =VALUE(MID(A10,31,2)) -> 35 | C10: =Blackbutt!E10 -> 0.995322 | D10: =Blackbutt!F10 -> 1367 | E10: =Blackbutt!H10 -> 200 | F10: =Blackbutt!I10 -> 4527604 | G10: =Blackbutt!N10 -> 1588 | H10: =Blackbutt!P10 -> 109 | I10: =Blackbutt!Q10 -> 3151407 | J10: =Blackbutt!S10 -> 1073 | K10: =Blackbutt!U10 -> 174 | L10: =Blackbutt!V10 -> 428037 | M10: =Blackbutt!X10 -> 1196 | N10: =Blackbutt!Z10 -> 122 | O10: =Blackbutt!AA10 -> 585042 | P10: =Blackbutt!AC10 -> 1268 | Q10: =Blackbutt!AE10 -> 50 | R10: =Blackbutt!AF10 -> 7824 | S10: =Blackbutt!AH10 -> 1458 | T10: =Blackbutt!AJ10 -> 50 | U10: =Blackbutt!AK10 -> 86594 | V10: =Blackbutt!AM10 -> 1498 | W10: =Blackbutt!AO10 -> 50 | X10: =Blackbutt!AP10 -> 194212 | Y10: =Blackbutt!AR10 -> 1588 | Z10: =Blackbutt!AT10 -> 50 | AA10: =Blackbutt!AU10 -> 112248 | AB10: =Blackbutt!AW10 -> 1732 | AC10: =Blackbutt!AY10 -> 102 | AD10: =Blackbutt!AZ10 -> 273719
A11: =Blackbutt!A11 -> data/Blackbutt Eucalyptus/BE- 50 (1).txt | B11: =VALUE(MID(A11,31,2)) -> 50 | C11: =Blackbutt!E11 -> 0.996497 | D11: =Blackbutt!F11 -> 1367 | E11: =Blackbutt!H11 -> 200 | F11: =Blackbutt!I11 -> 9576584 | G11: =Blackbutt!N11 -> 1588 | H11: =Blackbutt!P11 -> 109 | I11: =Blackbutt!Q11 -> 7155263 | J11: =Blackbutt!S11 -> 1073 | K11: =Blackbutt!U11 -> 178 | L11: =Blackbutt!V11 -> 919523 | M11: =Blackbutt!X11 -> 1192 | N11: =Blackbutt!Z11 -> 120 | O11: =Blackbutt!AA11 -> 1277233 | P11: =Blackbutt!AC11 -> 1264 | Q11: =Blackbutt!AE11 -> 50 | R11: =Blackbutt!AF11 -> 84253 | S11: =Blackbutt!AH11 -> 1458 | T11: =Blackbutt!AJ11 -> 50 | U11: =Blackbutt!AK11 -> 236897 | V11: =Blackbutt!AM11 -> 1498 | W11: =Blackbutt!AO11 -> 52 | X11: =Blackbutt!AP11 -> 492912 | Y11: =Blackbutt!AR11 -> 1586 | Z11: =Blackbutt!AT11 -> 50 | AA11: =Blackbutt!AU11 -> 202621 | AB11: =Blackbutt!AW11 -> 1730 | AC11: =Blackbutt!AY11 -> 106 | AD11: =Blackbutt!AZ11 -> 654096
A12: =Blackbutt!A12 -> data/Blackbutt Eucalyptus/BE- 50 (2).txt | B12: =VALUE(MID(A12,31,2)) -> 50 | C12: =Blackbutt!E12 -> 0.996335 | D12: =Blackbutt!F12 -> 1365 | E12: =Blackbutt!H12 -> 200 | F12: =Blackbutt!I12 -> 8882977 | G12: =Blackbutt!N12 -> 1588 | H12: =Blackbutt!P12 -> 109 | I12: =Blackbutt!Q12 -> 6740815 | J12: =Blackbutt!S12 -> 1073 | K12: =Blackbutt!U12 -> 174 | L12: =Blackbutt!V12 -> 870706 | M12: =Blackbutt!X12 -> 1188 | N12: =Blackbutt!Z12 -> 112 | O12: =Blackbutt!AA12 -> 1082640 | P12: =Blackbutt!AC12 -> 1260 | Q12: =Blackbutt!AE12 -> 50 | R12: =Blackbutt!AF12 -> 88085 | S12: =Blackbutt!AH12 -> 1458 | T12: =Blackbutt!AJ12 -> 54 | U12: =Blackbutt!AK12 -> 298960 | V12: =Blackbutt!AM12 -> 1498 | W12: =Blackbutt!AO12 -> 50 | X12: =Blackbutt!AP12 -> 434675 | Y12: =Blackbutt!AR12 -> 1586 | Z12: =Blackbutt!AT12 -> 50 | AA12: =Blackbutt!AU12 -> 177500 | AB12: =Blackbutt!AW12 -> 1728 | AC12: =Blackbutt!AY12 -> 110 | AD12: =Blackbutt!AZ12 -> 715545
A13: =Blackbutt!A13 -> data/Blackbutt Eucalyptus/BE- 50 (3).txt | B13: =VALUE(MID(A13,31,2)) -> 50 | C13: =Blackbutt!E13 -> 0.996431 | D13: =Blackbutt!F13 -> 1365 | E13: =Blackbutt!H13 -> 200 | F13: =Blackbutt!I13 -> 6055753 | G13: =Blackbutt!N13 -> 1588 | H13: =Blackbutt!P13 -> 109 | I13: =Blackbutt!Q13 -> 4569024 | J13: =Blackbutt!S13 -> 1073 | K13: =Blackbutt!U13 -> 180 | L13: =Blackbutt!V13 -> 591482 | M13: =Blackbutt!X13 -> 1190 | N13: =Blackbutt!Z13 -> 116 | O13: =Blackbutt!AA13 -> 746673 | P13: =Blackbutt!AC13 -> 1262 | Q13: =Blackbutt!AE13 -> 50 | R13: =Blackbutt!AF13 -> 34329 | S13: =Blackbutt!AH13 -> 1458 | T13: =Blackbutt!AJ13 -> 50 | U13: =Blackbutt!AK13 -> 175797 | V13: =Blackbutt!AM13 -> 1498 | W13: =Blackbutt!AO13 -> 50 | X13: =Blackbutt!AP13 -> 293846 | Y13: =Blackbutt!AR13 -> 1590 | Z13: =Blackbutt!AT13 -> 50 | AA13: =Blackbutt!AU13 -> 111503 | AB13: =Blackbutt!AW13 -> 1728 | AC13: =Blackbutt!AY13 -> 104 | AD13: =Blackbutt!AZ13 -> 413482
... A15: =Blackbutt!A15 -> data/Blackbutt Eucalyptus/BE- 50 (5).txt | B15: =VALUE(MID(A15,31,2)) -> 50 | C15: =Blackbutt!E15 -> 0.993441 | D15: =Blackbutt!F15 -> 1367 | E15: =Blackbutt!H15 -> 200 | F15: =Blackbutt!I15 -> 5775159 | G15: =Blackbutt!N15 -> 1590 | H15: =Blackbutt!P15 -> 111 | I15: =Blackbutt!Q15 -> 4343527 | J15: =Blackbutt!S15 -> 1073 | K15: =Blackbutt!U15 -> 172 | L15: =Blackbutt!V15 -> 532970 | M15: =Blackbutt!X15 -> 1196 | N15: =Blackbutt!Z15 -> 118 | O15: =Blackbutt!AA15 -> 747739 | P15: =Blackbutt!AC15 -> 1270 | Q15: =Blackbutt!AE15 -> 50 | R15: =Blackbutt!AF15 -> 17936 | S15: =Blackbutt!AH15 -> 1458 | T15: =Blackbutt!AJ15 -> 50 | U15: =Blackbutt!AK15 -> 118848 | V15: =Blackbutt!AM15 -> 1498 | W15: =Blackbutt!AO15 -> 50 | X15: =Blackbutt!AP15 -> 267660 | Y15: =Blackbutt!AR15 -> 1586 | Z15: =Blackbutt!AT15 -> 50 | AA15: =Blackbutt!AU15 -> 80846 | AB15: =Blackbutt!AW15 -> 1734 | AC15: =Blackbutt!AY15 -> 106 | AD15: =Blackbutt!AZ15 -> 348091
A16: =GreyIronbark!A2 -> data/Grey Ironback/GI-25 (1) | B16: =VALUE(LEFT(GreyIronbark!C2,2)) -> 25 | C16: =GreyIronbark!E2 -> 0.995729 | D16: =GreyIronbark!F2 -> 1367 | E16: =GreyIronbark!H2 -> 200 | F16: =GreyIronbark!I2 -> 6191579 | G16: =GreyIronbark!O2 -> 1586 | H16: =GreyIronbark!Q2 -> 119 | I16: =GreyIronbark!R2 -> 5313746 | J16: =GreyIronbark!T2 -> 1073 | K16: =GreyIronbark!V2 -> 194 | L16: =GreyIronbark!W2 -> 727523 | M16: =GreyIronbark!Y2 -> 1190 | N16: =GreyIronbark!AA2 -> 114 | O16: =GreyIronbark!AB2 -> 660019 | P16: =GreyIronbark!AD2 -> 1260 | Q16: =GreyIronbark!AF2 -> 50 | R16: =GreyIronbark!AG2 -> 48699 | S16: =GreyIronbark!AI2 -> 1456 | T16: =GreyIronbark!AK2 -> 58 | U16: =GreyIronbark!AL2 -> 181204 | V16: =GreyIronbark!AN2 -> 1490 | W16: =GreyIronbark!AP2 -> 50 | X16: =GreyIronbark!AQ2 -> 199428 | Y16: =GreyIronbark!AS2 -> 1594 | Z16: =GreyIronbark!AU2 -> 50 | AA16: =GreyIronbark!AV2 -> 168558 | AB16: =GreyIronbark!AX2 -> 1744 | AC16: =GreyIronbark!AZ2 -> 102 | AD16: =GreyIronbark!BA2 -> 416170
A17: =GreyIronbark!A3 -> data/Grey Ironback/GI-25 (2) | B17: =VALUE(LEFT(GreyIronbark!C3,2)) -> 25 | C17: =GreyIronbark!E3 -> 0.995298 | D17: =GreyIronbark!F3 -> 1365 | E17: =GreyIronbark!H3 -> 200 | F17: =GreyIronbark!I3 -> 6316335 | G17: =GreyIronbark!O3 -> 1586 | H17: =GreyIronbark!Q3 -> 119 | I17: =GreyIronbark!R3 -> 5446498 | J17: =GreyIronbark!T3 -> 1073 | K17: =GreyIronbark!V3 -> 174 | L17: =GreyIronbark!W3 -> 592510 | M17: =GreyIronbark!Y3 -> 1188 | N17: =GreyIronbark!AA3 -> 114 | O17: =GreyIronbark!AB3 -> 663174 | P17: =GreyIronbark!AD3 -> 1256 | Q17: =GreyIronbark!AF3 -> 50 | R17: =GreyIronbark!AG3 -> 14424 | S17: =GreyIronbark!AI3 -> 1454 | T17: =GreyIronbark!AK3 -> 54 | U17: =GreyIronbark!AL3 -> 204231 | V17: =GreyIronbark!AN3 -> 1490 | W17: =GreyIronbark!AP3 -> 50 | X17: =GreyIronbark!AQ3 -> 200279 | Y17: =GreyIronbark!AS3 -> 1596 | Z17: =GreyIronbark!AU3 -> 50 | AA17: =GreyIronbark!AV3 -> 193893 | AB17: =GreyIronbark!AX3 -> 1742 | AC17: =GreyIronbark!AZ3 -> 100 | AD17: =GreyIronbark!BA3 -> 433557
A18: =GreyIronbark!A4 -> data/Grey Ironback/GI-25 (3) | B18: =VALUE(LEFT(GreyIronbark!C4,2)) -> 25 | C18: =GreyIronbark!E4 -> 0.994884 | D18: =GreyIronbark!F4 -> 1365 | E18: =GreyIronbark!H4 -> 200 | F18: =GreyIronbark!I4 -> 6321870 | G18: =GreyIronbark!O4 -> 1586 | H18: =GreyIronbark!Q4 -> 121 | I18: =GreyIronbark!R4 -> 5580797 | J18: =GreyIronbark!T4 -> 1073 | K18: =GreyIronbark!V4 -> 172 | L18: =GreyIronbark!W4 -> 619388 | M18: =GreyIronbark!Y4 -> 1184 | N18: =GreyIronbark!AA4 -> 112 | O18: =GreyIronbark!AB4 -> 670376 | P18: =GreyIronbark!AD4 -> 1250 | Q18: =GreyIronbark!AF4 -> 50 | R18: =GreyIronbark!AG4 -> 42525 | S18: =GreyIronbark!AI4 -> 1448 | T18: =GreyIronbark!AK4 -> 56 | U18: =GreyIronbark!AL4 -> 212868 | V18: =GreyIronbark!AN4 -> 1488 | W18: =GreyIronbark!AP4 -> 50 | X18: =GreyIronbark!AQ4 -> 214863 | Y18: =GreyIronbark!AS4 -> 1596 | Z18: =GreyIronbark!AU4 -> 50 | AA18: =GreyIronbark!AV4 -> 173348 | AB18: =GreyIronbark!AX4 -> 1748 | AC18: =GreyIronbark!AZ4 -> 108 | AD18: =GreyIronbark!BA4 -> 483187
A19: =GreyIronbark!A5 -> data/Grey Ironback/GI-25 (4) | B19: =VALUE(LEFT(GreyIronbark!C5,2)) -> 25 | C19: =GreyIronbark!E5 -> 0.994823 | D19: =GreyIronbark!F5 -> 1365 | E19: =GreyIronbark!H5 -> 200 | F19: =GreyIronbark!I5 -> 5092623 | G19: =GreyIronbark!O5 -> 1586 | H19: =GreyIronbark!Q5 -> 119 | I19: =GreyIronbark!R5 -> 4448832 | J19: =GreyIronbark!T5 -> 1073 | K19: =GreyIronbark!V5 -> 184 | L19: =GreyIronbark!W5 -> 519622 | M19: =GreyIronbark!Y5 -> 1190 | N19: =GreyIronbark!AA5 -> 112 | O19: =GreyIronbark!AB5 -> 504421 | P19: =GreyIronbark!AD5 -> 1258 | Q19: =GreyIronbark!AF5 -> 50 | R19: =GreyIronbark!AG5 -> 53 | S19: =GreyIronbark!AI5 -> 1450 | T19: =GreyIronbark!AK5 -> 52 | U19: =GreyIronbark!AL5 -> 168991 | V19: =GreyIronbark!AN5 -> 1490 | W19: =GreyIronbark!AP5 -> 50 | X19: =GreyIronbark!AQ5 -> 177074 | Y19: =GreyIronbark!AS5 -> 1598 | Z19: =GreyIronbark!AU5 -> 50 | AA19: =GreyIronbark!AV5 -> 172178 | AB19: =GreyIronbark!AX5 -> 1738 | AC19: =GreyIronbark!AZ5 -> 100 | AD19: =GreyIronbark!BA5 -> 382676
A20: =GreyIronbark!A6 -> data/Grey Ironback/GI-25 (5) | B20: =VALUE(LEFT(GreyIronbark!C6,2)) -> 25 | C20: =GreyIronbark!E6 -> 0.995509 | D20: =GreyIronbark!F6 -> 1365 | E20: =GreyIronbark!H6 -> 200 | F20: =GreyIronbark!I6 -> 5653384 | G20: =GreyIronbark!O6 -> 1586 | H20: =GreyIronbark!Q6 -> 119 | I20: =GreyIronbark!R6 -> 4850128 | J20: =GreyIronbark!T6 -> 1073 | K20: =GreyIronbark!V6 -> 172 | L20: =GreyIronbark!W6 -> 537730 | M20: =GreyIronbark!Y6 -> 1182 | N20: =GreyIronbark!AA6 -> 110 | O20: =GreyIronbark!AB6 -> 561922 | P20: =GreyIronbark!AD6 -> 1250 | Q20: =GreyIronbark!AF6 -> 50 | R20: =GreyIronbark!AG6 -> 41142 | S20: =GreyIronbark!AI6 -> 1452 | T20: =GreyIronbark!AK6 -> 54 | U20: =GreyIronbark!AL6 -> 180893 | V20: =GreyIronbark!AN6 -> 1490 | W20: =GreyIronbark!AP6 -> 50 | X20: =GreyIronbark!AQ6 -> 176435 | Y20: =GreyIronbark!AS6 -> 1598 | Z20: =GreyIronbark!AU6 -> 50 | AA20: =GreyIronbark!AV6 -> 207092 | AB20: =GreyIronbark!AX6 -> 1748 | AC20: =GreyIronbark!AZ6 -> 118 | AD20: =GreyIronbark!BA6 -> 442011
A21: data/Grey Ironback/GI-35 (1) | B21: 35 | C21: =GreyIronbark!E7 -> 0.962196 | D21: =GreyIronbark!F7 -> 1365 | E21: =GreyIronbark!H7 -> 200 | F21: =GreyIronbark!I7 -> 179469 | G21: =GreyIronbark!O7 -> 1588 | H21: =GreyIronbark!Q7 -> 91 | I21: =GreyIronbark!R7 -> 128154 | J21: =GreyIronbark!T7 -> 1073 | K21: =GreyIronbark!V7 -> 170 | L21: =GreyIronbark!W7 -> 7781 | M21: =GreyIronbark!Y7 -> 1192 | N21: =GreyIronbark!AA7 -> 100 | O21: =GreyIronbark!AB7 -> 20544 | P21: =GreyIronbark!AD7 -> 1258 | Q21: =GreyIronbark!AF7 -> 50 | R21: =GreyIronbark!AG7 -> 373 | S21: =GreyIronbark!AI7 -> 1454 | T21: =GreyIronbark!AK7 -> 52 | U21: =GreyIronbark!AL7 -> 8026 | V21: =GreyIronbark!AN7 -> 1500 | W21: =GreyIronbark!AP7 -> 50 | X21: =GreyIronbark!AQ7 -> 10379 | Y21: =GreyIronbark!AS7 -> 1598 | Z21: =GreyIronbark!AU7 -> 50 | AA21: =GreyIronbark!AV7 -> 3034 | AB21: =GreyIronbark!AX7 -> 1748 | AC21: =GreyIronbark!AZ7 -> 198 | AD21: =GreyIronbark!BA7 -> 28875
A22: =GreyIronbark!A8 -> data/Grey Ironback/GI-35 (2) | B22: =VALUE(LEFT(GreyIronbark!C8,2)) -> 35 | C22: =GreyIronbark!E8 -> 0.995348 | D22: =GreyIronbark!F8 -> 1365 | E22: =GreyIronbark!H8 -> 200 | F22: =GreyIronbark!I8 -> 2129999 | G22: =GreyIronbark!O8 -> 1592 | H22: =GreyIronbark!Q8 -> 93 | I22: =GreyIronbark!R8 -> 1739449 | J22: =GreyIronbark!T8 -> 1073 | K22: =GreyIronbark!V8 -> 152 | L22: =GreyIronbark!W8 -> 125071 | M22: =GreyIronbark!Y8 -> 1186 | N22: =GreyIronbark!AA8 -> 104 | O22: =GreyIronbark!AB8 -> 263809 | P22: =GreyIronbark!AD8 -> 1252 | Q22: =GreyIronbark!AF8 -> 50 | R22: =GreyIronbark!AG8 -> 26984 | S22: =GreyIronbark!AI8 -> 1458 | T22: =GreyIronbark!AK8 -> 58 | U22: =GreyIronbark!AL8 -> 101931 | V22: =GreyIronbark!AN8 -> 1504 | W22: =GreyIronbark!AP8 -> 50 | X22: =GreyIronbark!AQ8 -> 132260 | Y22: =GreyIronbark!AS8 -> 1598 | Z22: =GreyIronbark!AU8 -> 50 | AA22: =GreyIronbark!AV8 -> 14211 | AB22: =GreyIronbark!AX8 -> 1720 | AC22: =GreyIronbark!AZ8 -> 110 | AD22: =GreyIronbark!BA8 -> 133133
A23: =GreyIronbark!A9 -> data/Grey Ironback/GI-35 (3) | B23: =VALUE(LEFT(GreyIronbark!C9,2)) -> 35 | C23: =GreyIronbark!E9 -> 0.994607 | D23: =GreyIronbark!F9 -> 1365 | E23: =GreyIronbark!H9 -> 200 | F23: =GreyIronbark!I9 -> 1837057 | G23: =GreyIronbark!O9 -> 1592 | H23: =GreyIronbark!Q9 -> 93 | I23: =GreyIronbark!R9 -> 1520273 | J23: =GreyIronbark!T9 -> 1073 | K23: =GreyIronbark!V9 -> 148 | L23: =GreyIronbark!W9 -> 99724 | M23: =GreyIronbark!Y9 -> 1188 | N23: =GreyIronbark!AA9 -> 108 | O23: =GreyIronbark!AB9 -> 244525 | P23: =GreyIronbark!AD9 -> 1254 | Q23: =GreyIronbark!AF9 -> 50 | R23: =GreyIronbark!AG9 -> 15807 | S23: =GreyIronbark!AI9 -> 1454 | T23: =GreyIronbark!AK9 -> 58 | U23: =GreyIronbark!AL9 -> 89336 | V23: =GreyIronbark!AN9 -> 1502 | W23: =GreyIronbark!AP9 -> 54 | X23: =GreyIronbark!AQ9 -> 137782 | Y23: =GreyIronbark!AS9 -> 1598 | Z23: =GreyIronbark!AU9 -> 50 | AA23: =GreyIronbark!AV9 -> 7930 | AB23: =GreyIronbark!AX9 -> 1722 | AC23: =GreyIronbark!AZ9 -> 144 | AD23: =GreyIronbark!BA9 -> 161101
A24: =GreyIronbark!A10 -> data/Grey Ironback/GI-35 (4) | B24: =VALUE(LEFT(GreyIronbark!C10,2)) -> 35 | C24: =GreyIronbark!E10 -> 0.975058 | D24: =GreyIronbark!F10 -> 1367 | E24: =GreyIronbark!H10 -> 200 | F24: =GreyIronbark!I10 -> 649538 | G24: =GreyIronbark!O10 -> 1592 | H24: =GreyIronbark!Q10 -> 87 | I24: =GreyIronbark!R10 -> 525739 | J24: =GreyIronbark!T10 -> 1073 | K24: =GreyIronbark!V10 -> 160 | L24: =GreyIronbark!W10 -> 36277 | M24: =GreyIronbark!Y10 -> 1194 | N24: =GreyIronbark!AA10 -> 114 | O24: =GreyIronbark!AB10 -> 91133 | P24: =GreyIronbark!AD10 -> 1260 | Q24: =GreyIronbark!AF10 -> 50 | R24: =GreyIronbark!AG10 -> 2076 | S24: =GreyIronbark!AI10 -> 1452 | T24: =GreyIronbark!AK10 -> 50 | U24: =GreyIronbark!AL10 -> 26239 | V24: =GreyIronbark!AN10 -> 1504 | W24: =GreyIronbark!AP10 -> 52 | X24: =GreyIronbark!AQ10 -> 53526 | Y24: =GreyIronbark!AS10 -> 1598 | Z24: =GreyIronbark!AU10 -> 50 | AA24: =GreyIronbark!AV10 -> 53 | AB24: =GreyIronbark!AX10 -> 1726 | AC24: =GreyIronbark!AZ10 -> 136 | AD24: =GreyIronbark!BA10 -> 48208
A25: =GreyIronbark!A11 -> data/Grey Ironback/GI-35 (5) | B25: =VALUE(LEFT(GreyIronbark!C11,2)) -> 35 | C25: =GreyIronbark!E11 -> 0.993268 | D25: =GreyIronbark!F11 -> 1365 | E25: =GreyIronbark!H11 -> 200 | F25: =GreyIronbark!I11 -> 2112116 | G25: =GreyIronbark!O11 -> 1592 | H25: =GreyIronbark!Q11 -> 93 | I25: =GreyIronbark!R11 -> 1743013 | J25: =GreyIronbark!T11 -> 1073 | K25: =GreyIronbark!V11 -> 154 | L25: =GreyIronbark!W11 -> 123438 | M25: =GreyIronbark!Y11 -> 1190 | N25: =GreyIronbark!AA11 -> 110 | O25: =GreyIronbark!AB11 -> 285352 | P25: =GreyIronbark!AD11 -> 1256 | Q25: =GreyIronbark!AF11 -> 50 | R25: =GreyIronbark!AG11 -> 14743 | S25: =GreyIronbark!AI11 -> 1458 | T25: =GreyIronbark!AK11 -> 64 | U25: =GreyIronbark!AL11 -> 108933 | V25: =GreyIronbark!AN11 -> 1504 | W25: =GreyIronbark!AP11 -> 52 | X25: =GreyIronbark!AQ11 -> 150060 | Y25: =GreyIronbark!AS11 -> 1598 | Z25: =GreyIronbark!AU11 -> 50 | AA25: =GreyIronbark!AV11 -> 12188 | AB25: =GreyIronbark!AX11 -> 1720 | AC25: =GreyIronbark!AZ11 -> 118 | AD25: =GreyIronbark!BA11 -> 157888
A26: =GreyIronbark!A12 -> data/Grey Ironback/GI-50 (1) | B26: =VALUE(LEFT(GreyIronbark!C12,2)) -> 50 | C26: =GreyIronbark!E12 -> 0.99056 | D26: =GreyIronbark!F12 -> 1365 | E26: =GreyIronbark!H12 -> 200 | F26: =GreyIronbark!I12 -> 6329960 | G26: =GreyIronbark!O12 -> 1594 | H26: =GreyIronbark!Q12 -> 83 | I26: =GreyIronbark!R12 -> 4088962 | J26: =GreyIronbark!T12 -> 1073 | K26: =GreyIronbark!V12 -> 110 | L26: =GreyIronbark!W12 -> 161937 | M26: =GreyIronbark!Y12 -> 1188 | N26: =GreyIronbark!AA12 -> 110 | O26: =GreyIronbark!AB12 -> 931462 | P26: =GreyIronbark!AD12 -> 1256 | Q26: =GreyIronbark!AF12 -> 50 | R26: =GreyIronbark!AG12 -> 61154 | S26: =GreyIronbark!AI12 -> 1458 | T26: =GreyIronbark!AK12 -> 50 | U26: =GreyIronbark!AL12 -> 62005 | V26: =GreyIronbark!AN12 -> 1502 | W26: =GreyIronbark!AP12 -> 52 | X26: =GreyIronbark!AQ12 -> 407116 | Y26: =GreyIronbark!AS12 -> 1598 | Z26: =GreyIronbark!AU12 -> 50 | AA26: =GreyIronbark!AV12 -> 53 | AB26: =GreyIronbark!AX12 -> 1712 | AC26: =GreyIronbark!AZ12 -> 112 | AD26: =GreyIronbark!BA12 -> 249767
A27: =GreyIronbark!A13 -> data/Grey Ironback/GI-50 (2) | B27: =VALUE(LEFT(GreyIronbark!C13,2)) -> 50 | C27: =GreyIronbark!E13 -> 0.989439 | D27: =GreyIronbark!F13 -> 1365 | E27: =GreyIronbark!H13 -> 200 | F27: =GreyIronbark!I13 -> 9381148 | G27: =GreyIronbark!O13 -> 1590 | H27: =GreyIronbark!Q13 -> 99 | I27: =GreyIronbark!R13 -> 6429476 | J27: =GreyIronbark!T13 -> 1073 | K27: =GreyIronbark!V13 -> 188 | L27: =GreyIronbark!W13 -> 708624 | M27: =GreyIronbark!Y13 -> 1190 | N27: =GreyIronbark!AA13 -> 118 | O27: =GreyIronbark!AB13 -> 1255945 | P27: =GreyIronbark!AD13 -> 1252 | Q27: =GreyIronbark!AF13 -> 52 | R27: =GreyIronbark!AG13 -> 118731 | S27: =GreyIronbark!AI13 -> 1458 | T27: =GreyIronbark!AK13 -> 50 | U27: =GreyIronbark!AL13 -> 167494 | V27: =GreyIronbark!AN13 -> 1498 | W27: =GreyIronbark!AP13 -> 50 | X27: =GreyIronbark!AQ13 -> 451068 | Y27: =GreyIronbark!AS13 -> 1588 | Z27: =GreyIronbark!AU13 -> 50 | AA27: =GreyIronbark!AV13 -> 168345 | AB27: =GreyIronbark!AX13 -> 1732 | AC27: =GreyIronbark!AZ13 -> 116 | AD27: =GreyIronbark!BA13 -> 528610
A28: =GreyIronbark!A14 -> data/Grey Ironback/GI-50 (3) | B28: =VALUE(LEFT(GreyIronbark!C14,2)) -> 50 | C28: =GreyIronbark!E14 -> 0.990552 | D28: =GreyIronbark!F14 -> 1365 | E28: =GreyIronbark!H14 -> 200 | F28: =GreyIronbark!I14 -> 7728669 | G28: =GreyIronbark!O14 -> 1590 | H28: =GreyIronbark!Q14 -> 99 | I28: =GreyIronbark!R14 -> 5279334 | J28: =GreyIronbark!T14 -> 1073 | K28: =GreyIronbark!V14 -> 140 | L28: =GreyIronbark!W14 -> 421891 | M28: =GreyIronbark!Y14 -> 1188 | N28: =GreyIronbark!AA14 -> 116 | O28: =GreyIronbark!AB14 -> 1234658 | P28: =GreyIronbark!AD14 -> 1266 | Q28: =GreyIronbark!AF14 -> 54 | R28: =GreyIronbark!AG14 -> 98465 | S28: =GreyIronbark!AI14 -> 1458 | T28: =GreyIronbark!AK14 -> 50 | U28: =GreyIronbark!AL14 -> 128960 | V28: =GreyIronbark!AN14 -> 1498 | W28: =GreyIronbark!AP14 -> 50 | X28: =GreyIronbark!AQ14 -> 394438 | Y28: =GreyIronbark!AS14 -> 1588 | Z28: =GreyIronbark!AU14 -> 50 | AA28: =GreyIronbark!AV14 -> 143543 | AB28: =GreyIronbark!AX14 -> 1728 | AC28: =GreyIronbark!AZ14 -> 110 | AD28: =GreyIronbark!BA14 -> 449045
A29: =GreyIronbark!A15 -> data/Grey Ironback/GI-50 (4) | B29: =VALUE(LEFT(GreyIronbark!C15,2)) -> 50 | C29: =GreyIronbark!E15 -> 0.988287 | D29: =GreyIronbark!F15 -> 1365 | E29: =GreyIronbark!H15 -> 200 | F29: =GreyIronbark!I15 -> 13470830 | G29: =GreyIronbark!O15 -> 1588 | H29: =GreyIronbark!Q15 -> 91 | I29: =GreyIronbark!R15 -> 8398035 | J29: =GreyIronbark!T15 -> 1073 | K29: =GreyIronbark!V15 -> 198 | L29: =GreyIronbark!W15 -> 1059513 | M29: =GreyIronbark!Y15 -> 1198 | N29: =GreyIronbark!AA15 -> 138 | O29: =GreyIronbark!AB15 -> 1468818 | P29: =GreyIronbark!AD15 -> 1250 | Q29: =GreyIronbark!AF15 -> 80 | R29: =GreyIronbark!AG15 -> 273611 | S29: =GreyIronbark!AI15 -> 1458 | T29: =GreyIronbark!AK15 -> 50 | U29: =GreyIronbark!AL15 -> 146417 | V29: =GreyIronbark!AN15 -> 1502 | W29: =GreyIronbark!AP15 -> 60 | X29: =GreyIronbark!AQ15 -> 638616 | Y29: =GreyIronbark!AS15 -> 1594 | Z29: =GreyIronbark!AU15 -> 50 | AA29: =GreyIronbark!AV15 -> 177181 | AB29: =GreyIronbark!AX15 -> 1718 | AC29: =GreyIronbark!AZ15 -> 118 | AD29: =GreyIronbark!BA15 -> 889675
A30: =GreyIronbark!A16 -> data/Grey Ironback/GI-50 (5) | B30: =VALUE(LEFT(GreyIronbark!C16,2)) -> 50 | C30: =GreyIronbark!E16 -> 0.992236 | D30: =GreyIronbark!F16 -> 1365 | E30: =GreyIronbark!H16 -> 200 | F30: =GreyIronbark!I16 -> 5022794 | G30: =GreyIronbark!O16 -> 1590 | H30: =GreyIronbark!Q16 -> 93 | I30: =GreyIronbark!R16 -> 3429103 | J30: =GreyIronbark!T16 -> 1073 | K30: =GreyIronbark!V16 -> 122 | L30: =GreyIronbark!W16 -> 197525 | M30: =GreyIronbark!Y16 -> 1186 | N30: =GreyIronbark!AA16 -> 114 | O30: =GreyIronbark!AB16 -> 756370 | P30: =GreyIronbark!AD16 -> 1260 | Q30: =GreyIronbark!AF16 -> 50 | R30: =GreyIronbark!AG16 -> 55193 | S30: =GreyIronbark!AI16 -> 1458 | T30: =GreyIronbark!AK16 -> 50 | U30: =GreyIronbark!AL16 -> 47635 | V30: =GreyIronbark!AN16 -> 1500 | W30: =GreyIronbark!AP16 -> 54 | X30: =GreyIronbark!AQ16 -> 327700 | Y30: =GreyIronbark!AS16 -> 1596 | Z30: =GreyIronbark!AU16 -> 50 | AA30: =GreyIronbark!AV16 -> 24110 | AB30: =GreyIronbark!AX16 -> 1722 | AC30: =GreyIronbark!AZ16 -> 122 | AD30: =GreyIronbark!BA16 -> 301676
A31: =SilvertopAsh!A2 -> data/Silvertop Ash/SA-20(1).txt | B31: =VALUE(LEFT(SilvertopAsh!C2,2)) -> 20 | C31: =SilvertopAsh!E2 -> 0.990203 | D31: =SilvertopAsh!F2 -> 1367 | E31: =SilvertopAsh!H2 -> 200 | F31: =SilvertopAsh!I2 -> 7237311 | G31: =SilvertopAsh!O2 -> 1586 | H31: =SilvertopAsh!Q2 -> 127 | I31: =SilvertopAsh!R2 -> 9829875 | J31: =SilvertopAsh!T2 -> 1073 | K31: =SilvertopAsh!V2 -> 50 | L31: =SilvertopAsh!W2 -> 53 | M31: =SilvertopAsh!Y2 -> 1166 | N31: =SilvertopAsh!AA2 -> 64 | O31: =SilvertopAsh!AB2 -> 305272 | P31: =SilvertopAsh!AD2 -> 1250 | Q31: =SilvertopAsh!AF2 -> 50 | R31: =SilvertopAsh!AG2 -> 53 | S31: =SilvertopAsh!AI2 -> 1446 | T31: =SilvertopAsh!AK2 -> 72 | U31: =SilvertopAsh!AL2 -> 766340 | V31: =SilvertopAsh!AN2 -> 1492 | W31: =SilvertopAsh!AP2 -> 50 | X31: =SilvertopAsh!AQ2 -> 230191 | Y31: =SilvertopAsh!AS2 -> 1590 | Z31: =SilvertopAsh!AU2 -> 50 | AA31: =SilvertopAsh!AV2 -> 346111 | AB31: =SilvertopAsh!AX2 -> 1748 | AC31: =SilvertopAsh!AZ2 -> 104 | AD31: =SilvertopAsh!BA2 -> 622270
A32: =SilvertopAsh!A3 -> data/Silvertop Ash/SA-20(2)_Copy | B32: =VALUE(LEFT(SilvertopAsh!C3,2)) -> 20 | C32: =SilvertopAsh!E3 -> 0.987892 | D32: =SilvertopAsh!F3 -> 1367 | E32: =SilvertopAsh!H3 -> 200 | F32: =SilvertopAsh!I3 -> 7686516 | G32: =SilvertopAsh!O3 -> 1584 | H32: =SilvertopAsh!Q3 -> 137 | I32: =SilvertopAsh!R3 -> 9384434 | J32: =SilvertopAsh!T3 -> 1073 | K32: =SilvertopAsh!V3 -> 156 | L32: =SilvertopAsh!W3 -> 627529 | M32: =SilvertopAsh!Y3 -> 1184 | N32: =SilvertopAsh!AA3 -> 106 | O32: =SilvertopAsh!AB3 -> 823120 | P32: =SilvertopAsh!AD3 -> 1264 | Q32: =SilvertopAsh!AF3 -> 50 | R32: =SilvertopAsh!AG3 -> 52851 | S32: =SilvertopAsh!AI3 -> 1450 | T32: =SilvertopAsh!AK3 -> 58 | U32: =SilvertopAsh!AL3 -> 363458 | V32: =SilvertopAsh!AN3 -> 1494 | W32: =SilvertopAsh!AP3 -> 52 | X32: =SilvertopAsh!AQ3 -> 177293 | Y32: =SilvertopAsh!AS3 -> 1582 | Z32: =SilvertopAsh!AU3 -> 50 | AA32: =SilvertopAsh!AV3 -> 265638 | AB32: =SilvertopAsh!AX3 -> 1748 | AC32: =SilvertopAsh!AZ3 -> 180 | AD32: =SilvertopAsh!BA3 -> 785002
A33: =SilvertopAsh!A4 -> data/Silvertop Ash/SA-20 (3).txt | B33: =VALUE(LEFT(SilvertopAsh!C4,2)) -> 20 | C33: =SilvertopAsh!E4 -> 0.994374 | D33: =SilvertopAsh!F4 -> 1367 | E33: =SilvertopAsh!H4 -> 200 | F33: =SilvertopAsh!I4 -> 6803860 | G33: =SilvertopAsh!O4 -> 1584 | H33: =SilvertopAsh!Q4 -> 123 | I33: =SilvertopAsh!R4 -> 8081096 | J33: =SilvertopAsh!T4 -> 1073 | K33: =SilvertopAsh!V4 -> 92 | L33: =SilvertopAsh!W4 -> 94308 | M33: =SilvertopAsh!Y4 -> 1168 | N33: =SilvertopAsh!AA4 -> 86 | O33: =SilvertopAsh!AB4 -> 491134 | P33: =SilvertopAsh!AD4 -> 1250 | Q33: =SilvertopAsh!AF4 -> 50 | R33: =SilvertopAsh!AG4 -> 53 | S33: =SilvertopAsh!AI4 -> 1446 | T33: =SilvertopAsh!AK4 -> 60 | U33: =SilvertopAsh!AL4 -> 552395 | V33: =SilvertopAsh!AN4 -> 1496 | W33: =SilvertopAsh!AP4 -> 50 | X33: =SilvertopAsh!AQ4 -> 267234 | Y33: =SilvertopAsh!AS4 -> 1594 | Z33: =SilvertopAsh!AU4 -> 50 | AA33: =SilvertopAsh!AV4 -> 359098 | AB33: =SilvertopAsh!AX4 -> 1748 | AC33: =SilvertopAsh!AZ4 -> 130 | AD33: =SilvertopAsh!BA4 -> 732726
A34: =SilvertopAsh!A5 -> data/Silvertop Ash/SA-20(12).txt | B34: =VALUE(LEFT(SilvertopAsh!C5,2)) -> 20 | C34: =SilvertopAsh!E5 -> 0.912712 | D34: =SilvertopAsh!F5 -> 1369 | E34: =SilvertopAsh!H5 -> 188 | F34: =SilvertopAsh!I5 -> 55033 | G34: =SilvertopAsh!O5 -> 1584 | H34: =SilvertopAsh!Q5 -> 101 | I34: =SilvertopAsh!R5 -> 68915 | J34: =SilvertopAsh!T5 -> 1023 | K34: =SilvertopAsh!V5 -> 50 | L34: =SilvertopAsh!W5 -> 53 | M34: =SilvertopAsh!Y5 -> 1198 | N34: =SilvertopAsh!AA5 -> 50 | O34: =SilvertopAsh!AB5 -> 53 | P34: =SilvertopAsh!AD5 -> 1282 | Q34: =SilvertopAsh!AF5 -> 50 | R34: =SilvertopAsh!AG5 -> 373 | S34: =SilvertopAsh!AI5 -> 1452 | T34: =SilvertopAsh!AK5 -> 72 | U34: =SilvertopAsh!AL5 -> 7741 | V34: =SilvertopAsh!AN5 -> 1504 | W34: =SilvertopAsh!AP5 -> 58 | X34: =SilvertopAsh!AQ5 -> 8088 | Y34: =SilvertopAsh!AS5 -> 1598 | Z34: =SilvertopAsh!AU5 -> 76 | AA34: =SilvertopAsh!AV5 -> 404 | AB34: =SilvertopAsh!AX5 -> 1700 | AC34: =SilvertopAsh!AZ5 -> 198 | AD34: =SilvertopAsh!BA5 -> 211
A35: =SilvertopAsh!A6 -> data/Silvertop Ash/SA-20(13).txt | B35: =VALUE(LEFT(SilvertopAsh!C6,2)) -> 20 | C35: =SilvertopAsh!E6 -> 0.994758 | D35: =SilvertopAsh!F6 -> 1367 | E35: =SilvertopAsh!H6 -> 200 | F35: =SilvertopAsh!I6 -> 8407799 | G35: =SilvertopAsh!O6 -> 1588 | H35: =SilvertopAsh!Q6 -> 119 | I35: =SilvertopAsh!R6 -> 9285660 | J35: =SilvertopAsh!T6 -> 1073 | K35: =SilvertopAsh!V6 -> 146 | L35: =SilvertopAsh!W6 -> 568653 | M35: =SilvertopAsh!Y6 -> 1178 | N35: =SilvertopAsh!AA6 -> 100 | O35: =SilvertopAsh!AB6 -> 791644 | P35: =SilvertopAsh!AD6 -> 1252 | Q35: =SilvertopAsh!AF6 -> 50 | R35: =SilvertopAsh!AG6 -> 49019 | S35: =SilvertopAsh!AI6 -> 1450 | T35: =SilvertopAsh!AK6 -> 66 | U35: =SilvertopAsh!AL6 -> 644729 | V35: =SilvertopAsh!AN6 -> 1498 | W35: =SilvertopAsh!AP6 -> 50 | X35: =SilvertopAsh!AQ6 -> 327483 | Y35: =SilvertopAsh!AS6 -> 1598 | Z35: =SilvertopAsh!AU6 -> 50 | AA35: =SilvertopAsh!AV6 -> 292143 | AB35: =SilvertopAsh!AX6 -> 1744 | AC35: =SilvertopAsh!AZ6 -> 100 | AD35: =SilvertopAsh!BA6 -> 835074
A36: =SilvertopAsh!A7 -> data/Silvertop Ash/SA-20(14).txt | B36: =VALUE(LEFT(SilvertopAsh!C7,2)) -> 20 | C36: =SilvertopAsh!E7 -> 0.99522 | D36: =SilvertopAsh!F7 -> 1367 | E36: =SilvertopAsh!H7 -> 200 | F36: =SilvertopAsh!I7 -> 7735908 | G36: =SilvertopAsh!O7 -> 1588 | H36: =SilvertopAsh!Q7 -> 117 | I36: =SilvertopAsh!R7 -> 8292423 | J36: =SilvertopAsh!T7 -> 1073 | K36: =SilvertopAsh!V7 -> 132 | L36: =SilvertopAsh!W7 -> 446680 | M36: =SilvertopAsh!Y7 -> 1178 | N36: =SilvertopAsh!AA7 -> 102 | O36: =SilvertopAsh!AB7 -> 778379 | P36: =SilvertopAsh!AD7 -> 1254 | Q36: =SilvertopAsh!AF7 -> 50 | R36: =SilvertopAsh!AG7 -> 26026 | S36: =SilvertopAsh!AI7 -> 1450 | T36: =SilvertopAsh!AK7 -> 62 | U36: =SilvertopAsh!AL7 -> 562228 | V36: =SilvertopAsh!AN7 -> 1500 | W36: =SilvertopAsh!AP7 -> 52 | X36: =SilvertopAsh!AQ7 -> 405013 | Y36: =SilvertopAsh!AS7 -> 1598 | Z36: =SilvertopAsh!AU7 -> 50 | AA36: =SilvertopAsh!AV7 -> 284905 | AB36: =SilvertopAsh!AX7 -> 1742 | AC36: =SilvertopAsh!AZ7 -> 98 | AD36: =SilvertopAsh!BA7 -> 756200
A37: =SilvertopAsh!A8 -> data/Silvertop Ash/SA-20(15).txt | B37: =VALUE(LEFT(SilvertopAsh!C8,2)) -> 20 | C37: =SilvertopAsh!E8 -> 0.994234 | D37: =SilvertopAsh!F8 -> 1365 | E37: =SilvertopAsh!H8 -> 200 | F37: =SilvertopAsh!I8 -> 9752860 | G37: =SilvertopAsh!O8 -> 1584 | H37: =SilvertopAsh!Q8 -> 127 | I37: =SilvertopAsh!R8 -> 10854865 | J37: =SilvertopAsh!T8 -> 1073 | K37: =SilvertopAsh!V8 -> 132 | L37: =SilvertopAsh!W8 -> 631310 | M37: =SilvertopAsh!Y8 -> 1176 | N37: =SilvertopAsh!AA8 -> 100 | O37: =SilvertopAsh!AB8 -> 951740 | P37: =SilvertopAsh!AD8 -> 1254 | Q37: =SilvertopAsh!AF8 -> 50 | R37: =SilvertopAsh!AG8 -> 29645 | S37: =SilvertopAsh!AI8 -> 1450 | T37: =SilvertopAsh!AK8 -> 62 | U37: =SilvertopAsh!AL8 -> 605258 | V37: =SilvertopAsh!AN8 -> 1490 | W37: =SilvertopAsh!AP8 -> 50 | X37: =SilvertopAsh!AQ8 -> 220611 | Y37: =SilvertopAsh!AS8 -> 1596 | Z37: =SilvertopAsh!AU8 -> 50 | AA37: =SilvertopAsh!AV8 -> 532180 | AB37: =SilvertopAsh!AX8 -> 1748 | AC37: =SilvertopAsh!AZ8 -> 198 | AD37: =SilvertopAsh!BA8 -> 1531204
A38: =SilvertopAsh!A9 -> data/Silvertop Ash/SA-20(16).txt | B38: =VALUE(LEFT(SilvertopAsh!C9,2)) -> 20 | C38: =SilvertopAsh!E9 -> 0.978626 | D38: =SilvertopAsh!F9 -> 1365 | E38: =SilvertopAsh!H9 -> 200 | F38: =SilvertopAsh!I9 -> 1323984 | G38: =SilvertopAsh!O9 -> 1584 | H38: =SilvertopAsh!Q9 -> 137 | I38: =SilvertopAsh!R9 -> 1591464 | J38: =SilvertopAsh!T9 -> 1073 | K38: =SilvertopAsh!V9 -> 134 | L38: =SilvertopAsh!W9 -> 52634 | M38: =SilvertopAsh!Y9 -> 1180 | N38: =SilvertopAsh!AA9 -> 102 | O38: =SilvertopAsh!AB9 -> 148640 | P38: =SilvertopAsh!AD9 -> 1250 | Q38: =SilvertopAsh!AF9 -> 50 | R38: =SilvertopAsh!AG9 -> 1224 | S38: =SilvertopAsh!AI9 -> 1450 | T38: =SilvertopAsh!AK9 -> 58 | U38: =SilvertopAsh!AL9 -> 108723 | V38: =SilvertopAsh!AN9 -> 1492 | W38: =SilvertopAsh!AP9 -> 50 | X38: =SilvertopAsh!AQ9 -> 30923 | Y38: =SilvertopAsh!AS9 -> 1584 | Z38: =SilvertopAsh!AU9 -> 50 | AA38: =SilvertopAsh!AV9 -> 48061 | AB38: =SilvertopAsh!AX9 -> 1748 | AC38: =SilvertopAsh!AZ9 -> 198 | AD38: =SilvertopAsh!BA9 -> 338277
A39: =SilvertopAsh!A10 -> data/Silvertop Ash/SA-20(17).txt | B39: =VALUE(LEFT(SilvertopAsh!C10,2)) -> 20 | C39: =SilvertopAsh!E10 -> 0.988978 | D39: =SilvertopAsh!F10 -> 1367 | E39: =SilvertopAsh!H10 -> 200 | F39: =SilvertopAsh!I10 -> 2210472 | G39: =SilvertopAsh!O10 -> 1586 | H39: =SilvertopAsh!Q10 -> 127 | I39: =SilvertopAsh!R10 -> 2541657 | J39: =SilvertopAsh!T10 -> 1073 | K39: =SilvertopAsh!V10 -> 148 | L39: =SilvertopAsh!W10 -> 119574 | M39: =SilvertopAsh!Y10 -> 1180 | N39: =SilvertopAsh!AA10 -> 100 | O39: =SilvertopAsh!AB10 -> 226838 | P39: =SilvertopAsh!AD10 -> 1250 | Q39: =SilvertopAsh!AF10 -> 50 | R39: =SilvertopAsh!AG10 -> 8143 | S39: =SilvertopAsh!AI10 -> 1452 | T39: =SilvertopAsh!AK10 -> 60 | U39: =SilvertopAsh!AL10 -> 181321 | V39: =SilvertopAsh!AN10 -> 1498 | W39: =SilvertopAsh!AP10 -> 50 | X39: =SilvertopAsh!AQ10 -> 82549 | Y39: =SilvertopAsh!AS10 -> 1590 | Z39: =SilvertopAsh!AU10 -> 50 | AA39: =SilvertopAsh!AV10 -> 85956 | AB39: =SilvertopAsh!AX10 -> 1748 | AC39: =SilvertopAsh!AZ10 -> 108 | AD39: =SilvertopAsh!BA10 -> 319481
A40: =SilvertopAsh!A11 -> data/Silvertop Ash/SA-20(18).txt | B40: =VALUE(LEFT(SilvertopAsh!C11,2)) -> 20 | C40: =SilvertopAsh!E11 -> 0.97943 | D40: =SilvertopAsh!F11 -> 1365 | E40: =SilvertopAsh!H11 -> 200 | F40: =SilvertopAsh!I11 -> 2125315 | G40: =SilvertopAsh!O11 -> 1586 | H40: =SilvertopAsh!Q11 -> 139 | I40: =SilvertopAsh!R11 -> 2872365 | J40: =SilvertopAsh!T11 -> 1073 | K40: =SilvertopAsh!V11 -> 104 | L40: =SilvertopAsh!W11 -> 25130 | M40: =SilvertopAsh!Y11 -> 1170 | N40: =SilvertopAsh!AA11 -> 86 | O40: =SilvertopAsh!AB11 -> 183546 | P40: =SilvertopAsh!AD11 -> 1250 | Q40: =SilvertopAsh!AF11 -> 50 | R40: =SilvertopAsh!AG11 -> 53 | S40: =SilvertopAsh!AI11 -> 1446 | T40: =SilvertopAsh!AK11 -> 60 | U40: =SilvertopAsh!AL11 -> 185281 | V40: =SilvertopAsh!AN11 -> 1488 | W40: =SilvertopAsh!AP11 -> 50 | X40: =SilvertopAsh!AQ11 -> 52425 | Y40: =SilvertopAsh!AS11 -> 1586 | Z40: =SilvertopAsh!AU11 -> 50 | AA40: =SilvertopAsh!AV11 -> 71053 | AB40: =SilvertopAsh!AX11 -> 1748 | AC40: =SilvertopAsh!AZ11 -> 84 | AD40: =SilvertopAsh!BA11 -> 247770
A41: =SilvertopAsh!A12 -> data/Silvertop Ash/SA-20(19).txt | B41: =VALUE(LEFT(SilvertopAsh!C12,2)) -> 20 | C41: =SilvertopAsh!E12 -> 0.975558 | D41: =SilvertopAsh!F12 -> 1367 | E41: =SilvertopAsh!H12 -> 200 | F41: =SilvertopAsh!I12 -> 1279702 | G41: =SilvertopAsh!O12 -> 1586 | H41: =SilvertopAsh!Q12 -> 127 | I41: =SilvertopAsh!R12 -> 1662669 | J41: =SilvertopAsh!T12 -> 1073 | K41: =SilvertopAsh!V12 -> 50 | L41: =SilvertopAsh!W12 -> 53 | M41: =SilvertopAsh!Y12 -> 1180 | N41: =SilvertopAsh!AA12 -> 80 | O41: =SilvertopAsh!AB12 -> 84732 | P41: =SilvertopAsh!AD12 -> 1250 | Q41: =SilvertopAsh!AF12 -> 50 | R41: =SilvertopAsh!AG12 -> 1543 | S41: =SilvertopAsh!AI12 -> 1452 | T41: =SilvertopAsh!AK12 -> 64 | U41: =SilvertopAsh!AL12 -> 129235 | V41: =SilvertopAsh!AN12 -> 1500 | W41: =SilvertopAsh!AP12 -> 50 | X41: =SilvertopAsh!AQ12 -> 42525 | Y41: =SilvertopAsh!AS12 -> 1582 | Z41: =SilvertopAsh!AU12 -> 50 | AA41: =SilvertopAsh!AV12 -> 74353 | AB41: =SilvertopAsh!AX12 -> 1742 | AC41: =SilvertopAsh!AZ12 -> 60 | AD41: =SilvertopAsh!BA12 -> 43877
A42: =SilvertopAsh!A13 -> data/Silvertop Ash/SA-20(4).txt | B42: =VALUE(LEFT(SilvertopAsh!C13,2)) -> 20 | C42: =SilvertopAsh!E13 -> 0.988007 | D42: =SilvertopAsh!F13 -> 1365 | E42: =SilvertopAsh!H13 -> 200 | F42: =SilvertopAsh!I13 -> 5491160 | G42: =SilvertopAsh!O13 -> 1584 | H42: =SilvertopAsh!Q13 -> 137 | I42: =SilvertopAsh!R13 -> 7409577 | J42: =SilvertopAsh!T13 -> 1073 | K42: =SilvertopAsh!V13 -> 108 | L42: =SilvertopAsh!W13 -> 125424 | M42: =SilvertopAsh!Y13 -> 1174 | N42: =SilvertopAsh!AA13 -> 86 | O42: =SilvertopAsh!AB13 -> 440236 | P42: =SilvertopAsh!AD13 -> 1250 | Q42: =SilvertopAsh!AF13 -> 50 | R42: =SilvertopAsh!AG13 -> 53 | S42: =SilvertopAsh!AI13 -> 1446 | T42: =SilvertopAsh!AK13 -> 56 | U42: =SilvertopAsh!AL13 -> 396706 | V42: =SilvertopAsh!AN13 -> 1490 | W42: =SilvertopAsh!AP13 -> 50 | X42: =SilvertopAsh!AQ13 -> 141627 | Y42: =SilvertopAsh!AS13 -> 1584 | Z42: =SilvertopAsh!AU13 -> 50 | AA42: =SilvertopAsh!AV13 -> 307897 | AB42: =SilvertopAsh!AX13 -> 1748 | AC42: =SilvertopAsh!AZ13 -> 112 | AD42: =SilvertopAsh!BA13 -> 313430
... A128: =SilvertopAsh!A99 -> data/Silvertop Ash/SA-50 (9).txt | B128: =VALUE(LEFT(SilvertopAsh!C99,2)) -> 50 | C128: =SilvertopAsh!E99 -> 0.995506 | D128: =SilvertopAsh!F99 -> 1365 | E128: =SilvertopAsh!H99 -> 200 | F128: =SilvertopAsh!I99 -> 4703028 | G128: =SilvertopAsh!O99 -> 1588 | H128: =SilvertopAsh!Q99 -> 109 | I128: =SilvertopAsh!R99 -> 3359327 | J128: =SilvertopAsh!T99 -> 1073 | K128: =SilvertopAsh!V99 -> 168 | L128: =SilvertopAsh!W99 -> 425795 | M128: =SilvertopAsh!Y99 -> 1190 | N128: =SilvertopAsh!AA99 -> 114 | O128: =SilvertopAsh!AB99 -> 594005 | P128: =SilvertopAsh!AD99 -> 1264 | Q128: =SilvertopAsh!AF99 -> 50 | R128: =SilvertopAsh!AG99 -> 37097 | S128: =SilvertopAsh!AI99 -> 1458 | T128: =SilvertopAsh!AK99 -> 50 | U128: =SilvertopAsh!AL99 -> 103200 | V128: =SilvertopAsh!AN99 -> 1498 | W128: =SilvertopAsh!AP99 -> 54 | X128: =SilvertopAsh!AQ99 -> 280451 | Y128: =SilvertopAsh!AS99 -> 1584 | Z128: =SilvertopAsh!AU99 -> 50 | AA128: =SilvertopAsh!AV99 -> 79462 | AB128: =SilvertopAsh!AX99 -> 1732 | AC128: =SilvertopAsh!AZ99 -> 108 | AD128: =SilvertopAsh!BA99 -> 269127
A129: =SpottedGum!A2 -> data/Spotted Gum/SG-25(1).txt | B129: =VALUE(LEFT(SpottedGum!C2,2)) -> 25 | C129: =SpottedGum!E2 -> 0.996135 | D129: =SpottedGum!F2 -> 1365 | E129: =SpottedGum!H2 -> 200 | F129: =SpottedGum!I2 -> 3123785 | G129: =SpottedGum!O2 -> 1588 | H129: =SpottedGum!Q2 -> 109 | I129: =SpottedGum!R2 -> 2634623 | J129: =SpottedGum!T2 -> 1073 | K129: =SpottedGum!V2 -> 166 | L129: =SpottedGum!W2 -> 277245 | M129: =SpottedGum!Y2 -> 1188 | N129: =SpottedGum!AA2 -> 112 | O129: =SpottedGum!AB2 -> 425736 | P129: =SpottedGum!AD2 -> 1260 | Q129: =SpottedGum!AF2 -> 50 | R129: =SpottedGum!AG2 -> 30497 | S129: =SpottedGum!AI2 -> 1458 | T129: =SpottedGum!AK2 -> 58 | U129: =SpottedGum!AL2 -> 135394 | V129: =SpottedGum!AN2 -> 1500 | W129: =SpottedGum!AP2 -> 54 | X129: =SpottedGum!AQ2 -> 180089 | Y129: =SpottedGum!AS2 -> 1590 | Z129: =SpottedGum!AU2 -> 50 | AA129: =SpottedGum!AV2 -> 62112 | AB129: =SpottedGum!AX2 -> 1734 | AC129: =SpottedGum!AZ2 -> 108 | AD129: =SpottedGum!BA2 -> 228430
A130: =SpottedGum!A3 -> data/Spotted Gum/SG-25(2).txt | B130: =VALUE(LEFT(SpottedGum!C3,2)) -> 25 | C130: =SpottedGum!E3 -> 0.995679 | D130: =SpottedGum!F3 -> 1365 | E130: =SpottedGum!H3 -> 200 | F130: =SpottedGum!I3 -> 5738968 | G130: =SpottedGum!O3 -> 1584 | H130: =SpottedGum!Q3 -> 117 | I130: =SpottedGum!R3 -> 5000512 | J130: =SpottedGum!T3 -> 1073 | K130: =SpottedGum!V3 -> 144 | L130: =SpottedGum!W3 -> 343508 | M130: =SpottedGum!Y3 -> 1184 | N130: =SpottedGum!AA3 -> 110 | O130: =SpottedGum!AB3 -> 642480 | P130: =SpottedGum!AD3 -> 1254 | Q130: =SpottedGum!AF3 -> 50 | R130: =SpottedGum!AG3 -> 23471 | S130: =SpottedGum!AI3 -> 1448 | T130: =SpottedGum!AK3 -> 56 | U130: =SpottedGum!AL3 -> 229678 | V130: =SpottedGum!AN3 -> 1486 | W130: =SpottedGum!AP3 -> 50 | X130: =SpottedGum!AQ3 -> 250842 | Y130: =SpottedGum!AS3 -> 1598 | Z130: =SpottedGum!AU3 -> 50 | AA130: =SpottedGum!AV3 -> 224975 | AB130: =SpottedGum!AX3 -> 1740 | AC130: =SpottedGum!AZ3 -> 120 | AD130: =SpottedGum!BA3 -> 527933
A131: =SpottedGum!A4 -> data/Spotted Gum/SG-25(3).txt | B131: =VALUE(LEFT(SpottedGum!C4,2)) -> 25 | C131: =SpottedGum!E4 -> 0.995137 | D131: =SpottedGum!F4 -> 1365 | E131: =SpottedGum!H4 -> 200 | F131: =SpottedGum!I4 -> 4555706 | G131: =SpottedGum!O4 -> 1586 | H131: =SpottedGum!Q4 -> 119 | I131: =SpottedGum!R4 -> 4098966 | J131: =SpottedGum!T4 -> 1073 | K131: =SpottedGum!V4 -> 158 | L131: =SpottedGum!W4 -> 363786 | M131: =SpottedGum!Y4 -> 1186 | N131: =SpottedGum!AA4 -> 110 | O131: =SpottedGum!AB4 -> 571991 | P131: =SpottedGum!AD4 -> 1252 | Q131: =SpottedGum!AF4 -> 50 | R131: =SpottedGum!AG4 -> 43483 | S131: =SpottedGum!AI4 -> 1458 | T131: =SpottedGum!AK4 -> 64 | U131: =SpottedGum!AL4 -> 196543 | V131: =SpottedGum!AN4 -> 1490 | W131: =SpottedGum!AP4 -> 52 | X131: =SpottedGum!AQ4 -> 139211 | Y131: =SpottedGum!AS4 -> 1592 | Z131: =SpottedGum!AU4 -> 50 | AA131: =SpottedGum!AV4 -> 133537 | AB131: =SpottedGum!AX4 -> 1746 | AC131: =SpottedGum!AZ4 -> 114 | AD131: =SpottedGum!BA4 -> 331405
A132: =SpottedGum!A6 -> data/Spotted Gum/SG-25(5).txt | B132: =VALUE(LEFT(SpottedGum!C6,2)) -> 25 | C132: =SpottedGum!E6 -> 0.995015 | D132: =SpottedGum!F6 -> 1367 | E132: =SpottedGum!H6 -> 200 | F132: =SpottedGum!I6 -> 4621277 | G132: =SpottedGum!O6 -> 1586 | H132: =SpottedGum!Q6 -> 117 | I132: =SpottedGum!R6 -> 4164831 | J132: =SpottedGum!T6 -> 1073 | K132: =SpottedGum!V6 -> 180 | L132: =SpottedGum!W6 -> 483800 | M132: =SpottedGum!Y6 -> 1188 | N132: =SpottedGum!AA6 -> 112 | O132: =SpottedGum!AB6 -> 569515 | P132: =SpottedGum!AD6 -> 1256 | Q132: =SpottedGum!AF6 -> 50 | R132: =SpottedGum!AG6 -> 42100 | S132: =SpottedGum!AI6 -> 1450 | T132: =SpottedGum!AK6 -> 58 | U132: =SpottedGum!AL6 -> 228990 | V132: =SpottedGum!AN6 -> 1496 | W132: =SpottedGum!AP6 -> 50 | X132: =SpottedGum!AQ6 -> 198470 | Y132: =SpottedGum!AS6 -> 1594 | Z132: =SpottedGum!AU6 -> 50 | AA132: =SpottedGum!AV6 -> 157594 | AB132: =SpottedGum!AX6 -> 1740 | AC132: =SpottedGum!AZ6 -> 112 | AD132: =SpottedGum!BA6 -> 421444
A133: =SpottedGum!A7 -> data/Spotted Gum/SG-35(1).txt | B133: =VALUE(LEFT(SpottedGum!C7,2)) -> 35 | C133: =SpottedGum!E7 -> 0.994717 | D133: =SpottedGum!F7 -> 1365 | E133: =SpottedGum!H7 -> 200 | F133: =SpottedGum!I7 -> 5245906 | G133: =SpottedGum!O7 -> 1590 | H133: =SpottedGum!Q7 -> 101 | I133: =SpottedGum!R7 -> 4224436 | J133: =SpottedGum!T7 -> 1073 | K133: =SpottedGum!V7 -> 138 | L133: =SpottedGum!W7 -> 330664 | M133: =SpottedGum!Y7 -> 1186 | N133: =SpottedGum!AA7 -> 108 | O133: =SpottedGum!AB7 -> 757717 | P133: =SpottedGum!AD7 -> 1256 | Q133: =SpottedGum!AF7 -> 50 | R133: =SpottedGum!AG7 -> 79569 | S133: =SpottedGum!AI7 -> 1458 | T133: =SpottedGum!AK7 -> 58 | U133: =SpottedGum!AL7 -> 205036 | V133: =SpottedGum!AN7 -> 1500 | W133: =SpottedGum!AP7 -> 52 | X133: =SpottedGum!AQ7 -> 320102 | Y133: =SpottedGum!AS7 -> 1592 | Z133: =SpottedGum!AU7 -> 50 | AA133: =SpottedGum!AV7 -> 49444 | AB133: =SpottedGum!AX7 -> 1730 | AC133: =SpottedGum!AZ7 -> 110 | AD133: =SpottedGum!BA7 -> 396823
A134: =SpottedGum!A8 -> data/Spotted Gum/SG-35(2).txt | B134: =VALUE(LEFT(SpottedGum!C8,2)) -> 35 | C134: =SpottedGum!E8 -> 0.99249 | D134: =SpottedGum!F8 -> 1367 | E134: =SpottedGum!H8 -> 200 | F134: =SpottedGum!I8 -> 5328509 | G134: =SpottedGum!O8 -> 1588 | H134: =SpottedGum!Q8 -> 111 | I134: =SpottedGum!R8 -> 4439706 | J134: =SpottedGum!T8 -> 1073 | K134: =SpottedGum!V8 -> 170 | L134: =SpottedGum!W8 -> 439912 | M134: =SpottedGum!Y8 -> 1190 | N134: =SpottedGum!AA8 -> 112 | O134: =SpottedGum!AB8 -> 753592 | P134: =SpottedGum!AD8 -> 1260 | Q134: =SpottedGum!AF8 -> 50 | R134: =SpottedGum!AG8 -> 68073 | S134: =SpottedGum!AI8 -> 1458 | T134: =SpottedGum!AK8 -> 54 | U134: =SpottedGum!AL8 -> 145140 | V134: =SpottedGum!AN8 -> 1492 | W134: =SpottedGum!AP8 -> 50 | X134: =SpottedGum!AQ8 -> 205708 | Y134: =SpottedGum!AS8 -> 1592 | Z134: =SpottedGum!AU8 -> 50 | AA134: =SpottedGum!AV8 -> 116719 | AB134: =SpottedGum!AX8 -> 1738 | AC134: =SpottedGum!AZ8 -> 120 | AD134: =SpottedGum!BA8 -> 391511
A135: =SpottedGum!A9 -> data/Spotted Gum/SG-35(3).txt | B135: =VALUE(LEFT(SpottedGum!C9,2)) -> 35 | C135: =SpottedGum!E9 -> 0.994271 | D135: =SpottedGum!F9 -> 1365 | E135: =SpottedGum!H9 -> 200 | F135: =SpottedGum!I9 -> 6985246 | G135: =SpottedGum!O9 -> 1590 | H135: =SpottedGum!Q9 -> 101 | I135: =SpottedGum!R9 -> 5601870 | J135: =SpottedGum!T9 -> 1073 | K135: =SpottedGum!V9 -> 172 | L135: =SpottedGum!W9 -> 552377 | M135: =SpottedGum!Y9 -> 1188 | N135: =SpottedGum!AA9 -> 110 | O135: =SpottedGum!AB9 -> 952773 | P135: =SpottedGum!AD9 -> 1256 | Q135: =SpottedGum!AF9 -> 50 | R135: =SpottedGum!AG9 -> 91065 | S135: =SpottedGum!AI9 -> 1458 | T135: =SpottedGum!AK9 -> 60 | U135: =SpottedGum!AL9 -> 286704 | V135: =SpottedGum!AN9 -> 1500 | W135: =SpottedGum!AP9 -> 52 | X135: =SpottedGum!AQ9 -> 409773 | Y135: =SpottedGum!AS9 -> 1592 | Z135: =SpottedGum!AU9 -> 50 | AA135: =SpottedGum!AV9 -> 67221 | AB135: =SpottedGum!AX9 -> 1728 | AC135: =SpottedGum!AZ9 -> 114 | AD135: =SpottedGum!BA9 -> 549348
A136: =SpottedGum!A10 -> data/Spotted Gum/SG-35(4).txt | B136: =VALUE(LEFT(SpottedGum!C10,2)) -> 35 | C136: =SpottedGum!E10 -> 0.995402 | D136: =SpottedGum!F10 -> 1365 | E136: =SpottedGum!H10 -> 200 | F136: =SpottedGum!I10 -> 8656033 | G136: =SpottedGum!O10 -> 1586 | H136: =SpottedGum!Q10 -> 109 | I136: =SpottedGum!R10 -> 7149694 | J136: =SpottedGum!T10 -> 1073 | K136: =SpottedGum!V10 -> 142 | L136: =SpottedGum!W10 -> 599629 | M136: =SpottedGum!Y10 -> 1186 | N136: =SpottedGum!AA10 -> 112 | O136: =SpottedGum!AB10 -> 1192084 | P136: =SpottedGum!AD10 -> 1250 | Q136: =SpottedGum!AF10 -> 50 | R136: =SpottedGum!AG10 -> 121190 | S136: =SpottedGum!AI10 -> 1458 | T136: =SpottedGum!AK10 -> 58 | U136: =SpottedGum!AL10 -> 324192 | V136: =SpottedGum!AN10 -> 1492 | W136: =SpottedGum!AP10 -> 50 | X136: =SpottedGum!AQ10 -> 310026 | Y136: =SpottedGum!AS10 -> 1596 | Z136: =SpottedGum!AU10 -> 50 | AA136: =SpottedGum!AV10 -> 279795 | AB136: =SpottedGum!AX10 -> 1732 | AC136: =SpottedGum!AZ10 -> 104 | AD136: =SpottedGum!BA10 -> 614300
A137: =SpottedGum!A11 -> data/Spotted Gum/SG-35(5).txt | B137: =VALUE(LEFT(SpottedGum!C11,2)) -> 35 | C137: =SpottedGum!E11 -> 0.993974 | D137: =SpottedGum!F11 -> 1365 | E137: =SpottedGum!H11 -> 200 | F137: =SpottedGum!I11 -> 5662326 | G137: =SpottedGum!O11 -> 1586 | H137: =SpottedGum!Q11 -> 111 | I137: =SpottedGum!R11 -> 4716899 | J137: =SpottedGum!T11 -> 1073 | K137: =SpottedGum!V11 -> 158 | L137: =SpottedGum!W11 -> 433078 | M137: =SpottedGum!Y11 -> 1188 | N137: =SpottedGum!AA11 -> 108 | O137: =SpottedGum!AB11 -> 767604 | P137: =SpottedGum!AD11 -> 1256 | Q137: =SpottedGum!AF11 -> 50 | R137: =SpottedGum!AG11 -> 64560 | S137: =SpottedGum!AI11 -> 1456 | T137: =SpottedGum!AK11 -> 50 | U137: =SpottedGum!AL11 -> 162065 | V137: =SpottedGum!AN11 -> 1490 | W137: =SpottedGum!AP11 -> 50 | X137: =SpottedGum!AQ11 -> 215288 | Y137: =SpottedGum!AS11 -> 1596 | Z137: =SpottedGum!AU11 -> 50 | AA137: =SpottedGum!AV11 -> 170049 | AB137: =SpottedGum!AX11 -> 1730 | AC137: =SpottedGum!AZ11 -> 104 | AD137: =SpottedGum!BA11 -> 415696
A138: =SpottedGum!A12 -> data/Spotted Gum/SG-50(1).txt | B138: =VALUE(LEFT(SpottedGum!C12,2)) -> 50 | C138: =SpottedGum!E12 -> 0.997577 | D138: =SpottedGum!F12 -> 1367 | E138: =SpottedGum!H12 -> 200 | F138: =SpottedGum!I12 -> 3504864 | G138: =SpottedGum!O12 -> 1584 | H138: =SpottedGum!Q12 -> 115 | I138: =SpottedGum!R12 -> 3316799 | J138: =SpottedGum!T12 -> 1073 | K138: =SpottedGum!V12 -> 164 | L138: =SpottedGum!W12 -> 235149 | M138: =SpottedGum!Y12 -> 1184 | N138: =SpottedGum!AA12 -> 104 | O138: =SpottedGum!AB12 -> 421231 | P138: =SpottedGum!AD12 -> 1260 | Q138: =SpottedGum!AF12 -> 50 | R138: =SpottedGum!AG12 -> 48380 | S138: =SpottedGum!AI12 -> 1454 | T138: =SpottedGum!AK12 -> 56 | U138: =SpottedGum!AL12 -> 167087 | V138: =SpottedGum!AN12 -> 1496 | W138: =SpottedGum!AP12 -> 50 | X138: =SpottedGum!AQ12 -> 148653 | Y138: =SpottedGum!AS12 -> 1590 | Z138: =SpottedGum!AU12 -> 50 | AA138: =SpottedGum!AV12 -> 162172 | AB138: =SpottedGum!AX12 -> 1742 | AC138: =SpottedGum!AZ12 -> 96 | AD138: =SpottedGum!BA12 -> 171575
A139: =SpottedGum!A13 -> data/Spotted Gum/SG-50(2).txt | B139: =VALUE(LEFT(SpottedGum!C13,2)) -> 50 | C139: =SpottedGum!E13 -> 0.992692 | D139: =SpottedGum!F13 -> 1367 | E139: =SpottedGum!H13 -> 200 | F139: =SpottedGum!I13 -> 3053530 | G139: =SpottedGum!O13 -> 1584 | H139: =SpottedGum!Q13 -> 113 | I139: =SpottedGum!R13 -> 3027207 | J139: =SpottedGum!T13 -> 1073 | K139: =SpottedGum!V13 -> 124 | L139: =SpottedGum!W13 -> 59793 | M139: =SpottedGum!Y13 -> 1184 | N139: =SpottedGum!AA13 -> 104 | O139: =SpottedGum!AB13 -> 312519 | P139: =SpottedGum!AD13 -> 1260 | Q139: =SpottedGum!AF13 -> 50 | R139: =SpottedGum!AG13 -> 17830 | S139: =SpottedGum!AI13 -> 1456 | T139: =SpottedGum!AK13 -> 58 | U139: =SpottedGum!AL13 -> 165769 | V139: =SpottedGum!AN13 -> 1500 | W139: =SpottedGum!AP13 -> 50 | X139: =SpottedGum!AQ13 -> 139711 | Y139: =SpottedGum!AS13 -> 1590 | Z139: =SpottedGum!AU13 -> 50 | AA139: =SpottedGum!AV13 -> 138008 | AB139: =SpottedGum!AX13 -> 1730 | AC139: =SpottedGum!AZ13 -> 58 | AD139: =SpottedGum!BA13 -> 60936
A140: =SpottedGum!A14 -> data/Spotted Gum/SG-50(3).txt | B140: =VALUE(LEFT(SpottedGum!C14,2)) -> 50 | C140: =SpottedGum!E14 -> 0.96114 | D140: =SpottedGum!F14 -> 1369 | E140: =SpottedGum!H14 -> 148 | F140: =SpottedGum!I14 -> 2917819 | G140: =SpottedGum!O14 -> 1592 | H140: =SpottedGum!Q14 -> 83 | I140: =SpottedGum!R14 -> 5086088 | J140: =SpottedGum!T14 -> 975 | K140: =SpottedGum!V14 -> 50 | L140: =SpottedGum!W14 -> 53 | M140: =SpottedGum!Y14 -> 1150 | N140: =SpottedGum!AA14 -> 50 | O140: =SpottedGum!AB14 -> 53 | P140: =SpottedGum!AD14 -> 1298 | Q140: =SpottedGum!AF14 -> 50 | R140: =SpottedGum!AG14 -> 23046 | S140: =SpottedGum!AI14 -> 1454 | T140: =SpottedGum!AK14 -> 104 | U140: =SpottedGum!AL14 -> 1106935 | V140: =SpottedGum!AN14 -> 1520 | W140: =SpottedGum!AP14 -> 68 | X140: =SpottedGum!AQ14 -> 723765 | Y140: =SpottedGum!AS14 -> 1570 | Z140: =SpottedGum!AU14 -> 90 | AA140: =SpottedGum!AV14 -> 134602 | AB140: =SpottedGum!AX14 -> 1700 | AC140: =SpottedGum!AZ14 -> 50 | AD140: =SpottedGum!BA14 -> 53
A141: =SpottedGum!A15 -> data/Spotted Gum/SG-50(4).txt | B141: =VALUE(LEFT(SpottedGum!C15,2)) -> 50 | C141: =SpottedGum!E15 -> 0.994282 | D141: =SpottedGum!F15 -> 1365 | E141: =SpottedGum!H15 -> 200 | F141: =SpottedGum!I15 -> 2568985 | G141: =SpottedGum!O15 -> 1584 | H141: =SpottedGum!Q15 -> 99 | I141: =SpottedGum!R15 -> 2599674 | J141: =SpottedGum!T15 -> 1073 | K141: =SpottedGum!V15 -> 50 | L141: =SpottedGum!W15 -> 53 | M141: =SpottedGum!Y15 -> 1178 | N141: =SpottedGum!AA15 -> 76 | O141: =SpottedGum!AB15 -> 134374 | P141: =SpottedGum!AD15 -> 1250 | Q141: =SpottedGum!AF15 -> 50 | R141: =SpottedGum!AG15 -> 14849 | S141: =SpottedGum!AI15 -> 1452 | T141: =SpottedGum!AK15 -> 62 | U141: =SpottedGum!AL15 -> 141563 | V141: =SpottedGum!AN15 -> 1496 | W141: =SpottedGum!AP15 -> 56 | X141: =SpottedGum!AQ15 -> 213702 | Y141: =SpottedGum!AS15 -> 1598 | Z141: =SpottedGum!AU15 -> 50 | AA141: =SpottedGum!AV15 -> 105010 | AB141: =SpottedGum!AX15 -> 1700 | AC141: =SpottedGum!AZ15 -> 50 | AD141: =SpottedGum!BA15 -> 10804
A142: =SpottedGum!A16 -> data/Spotted Gum/SG-50(5).txt | B142: =VALUE(LEFT(SpottedGum!C16,2)) -> 50 | C142: =SpottedGum!E16 -> 0.997835 | D142: =SpottedGum!F16 -> 1367 | E142: =SpottedGum!H16 -> 200 | F142: =SpottedGum!I16 -> 3555533 | G142: =SpottedGum!O16 -> 1584 | H142: =SpottedGum!Q16 -> 115 | I142: =SpottedGum!R16 -> 3357930 | J142: =SpottedGum!T16 -> 1073 | K142: =SpottedGum!V16 -> 152 | L142: =SpottedGum!W16 -> 252245 | M142: =SpottedGum!Y16 -> 1186 | N142: =SpottedGum!AA16 -> 110 | O142: =SpottedGum!AB16 -> 464033 | P142: =SpottedGum!AD16 -> 1258 | Q142: =SpottedGum!AF16 -> 50 | R142: =SpottedGum!AG16 -> 49232 | S142: =SpottedGum!AI16 -> 1452 | T142: =SpottedGum!AK16 -> 60 | U142: =SpottedGum!AL16 -> 186686 | V142: =SpottedGum!AN16 -> 1496 | W142: =SpottedGum!AP16 -> 50 | X142: =SpottedGum!AQ16 -> 167920 | Y142: =SpottedGum!AS16 -> 1590 | Z142: =SpottedGum!AU16 -> 50 | AA142: =SpottedGum!AV16 -> 142479 | AB142: =SpottedGum!AX16 -> 1736 | AC142: =SpottedGum!AZ16 -> 90 | AD142: =SpottedGum!BA16 -> 190550

Sheet Ratios
A1: =Matlab!A1 -> File | B1: =Matlab!B1 -> Intensity | D1: G-D | E1: AreaD/AreaG | F1: ID/IG | G1: Dfwhm/Gfwhm | H1: fit | J1: a | K1: 2.2838815 | L1: mean y | M1: =AVERAGE(_xlfn.ANCHORARRAY(G2)) -> 1.8370752 | O1: Gfwhm | P1: fit | Q1: a | R1: 91.612285 | S1: mean y | T1: =AVERAGE(_xlfn.ANCHORARRAY(O2)) -> 109.02837 | V1: for plot | W1: =G1 -> Dfwhm/Gfwhm | X1: Gfwhm | Z1: file | AA1: Heat | AB1: Wavenumber of max | AC1: Fitted | AL1: Gpos /cm-1 | AM1: Gmax | AN1: Dpos /cm-1 | AO1: Dmax
A2: =Matlab!A2 -> data/Blackbutt Eucalyptus/BE- 25 (2).txt | B2: =Matlab!B2 -> 25 | D2: {=Matlab!$G$2:$G$142-Matlab!$D$2:$D$142} -> 223 | E2: {=Matlab!$F$2:F142/Matlab!$I$2:I142} -> 1.3437247 | F2: {=Matlab!$F$2:$F$142/Matlab!$E$2:$E$142/(Matlab!$I$2:$I$142/Matlab!$H$2:$H$142)} -> 0.74576722 | G2: {=Matlab!$E$2:$E$142/Matlab!$H$2:$H$142} -> 1.8018018 | H2: =$K$1*$K$2*B2/(1+$K$2*B2) -> 1.747754 | J2: b | K2: 0.13039837 | L2: TSS | M2: {=SUMSQ(_xlfn.ANCHORARRAY(G2)-$M$1)} -> 6.2087862 | O2: {=Matlab!$H$2:$H$142} -> 111 | P2: =$R$1*$R$2*B2/(1+$R$2*B2) -> 113.73807 | Q2: b | R2: -0.20562087 | S2: TSS | T2: {=SUMSQ(_xlfn.ANCHORARRAY(O2)-$T$1)} -> 19935.887 | V2: 15 | W2: =$K$1*$K$2*V2/(1+$K$2*V2) -> 1.5112494 | X2: =$R$1*$R$2*V2/(1+$R$2*V2) -> 135.56551 | Z2: SG-25(1).txt | AA2: 25 | AB2: 1588.2 | AC2: 1588 | AL2: 1588.2 | AM2: 24938 | AN2: 1372.1 | AO2: 14344
A3: =Matlab!A3 -> data/Blackbutt Eucalyptus/BE- 25 (3).txt | B3: =Matlab!B3 -> 25 | D3: 223 | E3: 1.4034379 | F3: 0.76487368 | G3: 1.8348624 | H3: =$K$1*$K$2*B3/(1+$K$2*B3) -> 1.747754 | L3: RSS | M3: =SUMXMY2(_xlfn.ANCHORARRAY(G2),H2:H141) -> #N/A | O3: 109 | P3: =$R$1*$R$2*B3/(1+$R$2*B3) -> 113.73807 | S3: RSS | T3: =SUMXMY2(_xlfn.ANCHORARRAY(O2),P2:P141) -> #N/A | V3: 16 | W3: =$K$1*$K$2*V3/(1+$K$2*V3) -> 1.5438929 | X3: =$R$1*$R$2*V3/(1+$R$2*V3) -> 131.6188 | Z3: SG-25(2).txt | AA3: 25 | AB3: 1589.4 | AC3: 1584 | AL3: 1589.4 | AM3: 45793 | AN3: 1372.1 | AO3: 27192
A4: =Matlab!A4 -> data/Blackbutt Eucalyptus/BE- 25 (4).txt | B4: =Matlab!B4 -> 25 | D4: 221 | E4: 1.4439339 | F4: 0.78694399 | G4: 1.8348624 | H4: =$K$1*$K$2*B4/(1+$K$2*B4) -> 1.747754 | L4: r2 | M4: =1-M3/M2 -> #N/A | O4: 109 | P4: =$R$1*$R$2*B4/(1+$R$2*B4) -> 113.73807 | S4: r2 | T4: =1-T3/T2 -> #N/A | V4: 17 | W4: =$K$1*$K$2*V4/(1+$K$2*V4) -> 1.5738898 | X4: =$R$1*$R$2*V4/(1+$R$2*V4) -> 128.32247 | Z4: SG-25(3).txt | AA4: 25 | AB4: 1588.2 | AC4: 1586 | AL4: 1588.2 | AM4: 36779 | AN4: 1360.9 | AO4: 21311
A5: =Matlab!A5 -> data/Blackbutt Eucalyptus/BE- 25 (5).txt | B5: =Matlab!B5 -> 25 | D5: 225 | E5: 1.5129272 | F5: 0.76402825 | G5: 1.980198 | H5: =$K$1*$K$2*B5/(1+$K$2*B5) -> 1.747754 | O5: 101 | P5: =$R$1*$R$2*B5/(1+$R$2*B5) -> 113.73807 | V5: 18 | W5: =$K$1*$K$2*V5/(1+$K$2*V5) -> 1.6015496 | X5: =$R$1*$R$2*V5/(1+$R$2*V5) -> 125.52799 | Z5: SG-25(5).txt | AA5: 25 | AB5: 1588.2 | AC5: 1586 | AL5: 1588.2 | AM5: 37563 | AN5: 1372.1 | AO5: 21430
A6: =Matlab!A6 -> data/Blackbutt Eucalyptus/BE- 35 (1).txt | B6: =Matlab!B6 -> 35 | D6: 221 | E6: 1.447729 | F6: 0.78901233 | G6: 1.8348624 | H6: =$K$1*$K$2*B6/(1+$K$2*B6) -> 1.8734026 | O6: 109 | P6: =$R$1*$R$2*B6/(1+$R$2*B6) -> 106.39626 | V6: 19 | W6: =$K$1*$K$2*V6/(1+$K$2*V6) -> 1.627135 | X6: =$R$1*$R$2*V6/(1+$R$2*V6) -> 123.12886 | Z6: SG-35(1).txt | AA6: 35 | AB6: 1591.8 | AC6: 1590 | AL6: 1591.8 | AM6: 42174 | AN6: 1372.1 | AO6: 24938
A7: =Matlab!A7 -> data/Blackbutt Eucalyptus/BE- 35 (2).txt | B7: =Matlab!B7 -> 35 | D7: 219 | E7: 1.2992311 | F7: 0.77304249 | G7: 1.6806723 | H7: =$K$1*$K$2*B7/(1+$K$2*B7) -> 1.8734026 | O7: 119 | P7: =$R$1*$R$2*B7/(1+$R$2*B7) -> 106.39626 | V7: 20 | W7: =$K$1*$K$2*V7/(1+$K$2*V7) -> 1.6508709 | X7: =$R$1*$R$2*V7/(1+$R$2*V7) -> 121.04673 | Z7: SG-35(2).txt | AA7: 35 | AB7: 1590.6 | AC7: 1588 | AL7: 1590.6 | AM7: 42120 | AN7: 1358.4 | AO7: 24960
A8: =Matlab!A8 -> data/Blackbutt Eucalyptus/BE- 35 (3).txt | B8: =Matlab!B8 -> 35 | D8: 225 | E8: 1.2414974 | F8: 0.62695621 | G8: 1.980198 | H8: =$K$1*$K$2*B8/(1+$K$2*B8) -> 1.8734026 | O8: 101 | P8: =$R$1*$R$2*B8/(1+$R$2*B8) -> 106.39626 | V8: 21 | W8: =$K$1*$K$2*V8/(1+$K$2*V8) -> 1.6729511 | X8: =$R$1*$R$2*V8/(1+$R$2*V8) -> 119.22266 | Z8: SG-35(3).txt | AA8: 35 | AB8: 1589.4 | AC8: 1590 | AL8: 1589.4 | AM8: 55937 | AN8: 1355.9 | AO8: 33131
A9: =Matlab!A9 -> data/Blackbutt Eucalyptus/BE- 35 (4).txt | B9: =Matlab!B9 -> 35 | D9: 223 | E9: 1.3193698 | F9: 0.71905654 | G9: 1.8348624 | H9: =$K$1*$K$2*B9/(1+$K$2*B9) -> 1.8734026 | O9: 109 | P9: =$R$1*$R$2*B9/(1+$R$2*B9) -> 106.39626 | V9: 22 | W9: =$K$1*$K$2*V9/(1+$K$2*V9) -> 1.6935427 | X9: =$R$1*$R$2*V9/(1+$R$2*V9) -> 117.61148 | Z9: SG-35(4).txt | AA9: 35 | AB9: 1590.6 | AC9: 1586 | AL9: 1590.6 | AM9: 69817 | AN9: 1362.2 | AO9: 41055
A10: =Matlab!A10 -> data/Blackbutt Eucalyptus/BE- 35 (5).txt | B10: =Matlab!B10 -> 35 | D10: 221 | E10: 1.4366929 | F10: 0.78299762 | G10: 1.8348624 | H10: =$K$1*$K$2*B10/(1+$K$2*B10) -> 1.8734026 | O10: 109 | P10: =$R$1*$R$2*B10/(1+$R$2*B10) -> 106.39626 | V10: 23 | W10: =$K$1*$K$2*V10/(1+$K$2*V10) -> 1.7127916 | X10: =$R$1*$R$2*V10/(1+$R$2*V10) -> 116.17796 | Z10: SG-35(5).txt | AA10: 35 | AB10: 1590.6 | AC10: 1586 | AL10: 1590.6 | AM10: 44738 | AN10: 1358.4 | AO10: 26403
A11: =Matlab!A11 -> data/Blackbutt Eucalyptus/BE- 50 (1).txt | B11: =Matlab!B11 -> 50 | D11: 221 | E11: 1.3383972 | F11: 0.72942648 | G11: 1.8348624 | H11: =$K$1*$K$2*B11/(1+$K$2*B11) -> 1.9801706 | O11: 109 | P11: =$R$1*$R$2*B11/(1+$R$2*B11) -> 101.48319 | V11: 24 | W11: =$K$1*$K$2*V11/(1+$K$2*V11) -> 1.7308248 | X11: =$R$1*$R$2*V11/(1+$R$2*V11) -> 114.89427 | Z11: SG-35(6).txt | AA11: 35 | AB11: 1588.2 | AC11: 1584 | AL11: 1588.2 | AM11: 44684 | AN11: 1377.1 | AO11: 25538
A12: =Matlab!A12 -> data/Blackbutt Eucalyptus/BE- 50 (2).txt | B12: =Matlab!B12 -> 50 | D12: 223 | E12: 1.3177898 | F12: 0.71819542 | G12: 1.8348624 | H12: =$K$1*$K$2*B12/(1+$K$2*B12) -> 1.9801706 | O12: 109 | P12: =$R$1*$R$2*B12/(1+$R$2*B12) -> 101.48319 | V12: 25 | W12: =$K$1*$K$2*V12/(1+$K$2*V12) -> 1.747754 | X12: =$R$1*$R$2*V12/(1+$R$2*V12) -> 113.73807 | Z12: SG-50(1).txt | AA12: 50 | AB12: 1585.8 | AC12: 1584 | AL12: 1585.8 | AM12: 31415 | AN12: 1372.1 | AO12: 16951
A13: =Matlab!A13 -> data/Blackbutt Eucalyptus/BE- 50 (3).txt | B13: =Matlab!B13 -> 50 | D13: 223 | E13: 1.3253931 | F13: 0.72233925 | G13: 1.8348624 | H13: =$K$1*$K$2*B13/(1+$K$2*B13) -> 1.9801706 | O13: 109 | P13: =$R$1*$R$2*B13/(1+$R$2*B13) -> 101.48319 | V13: 26 | W13: =$K$1*$K$2*V13/(1+$K$2*V13) -> 1.7636775 | X13: =$R$1*$R$2*V13/(1+$R$2*V13) -> 112.69127 | Z13: SG-50(2).txt | AA13: 50 | AB13: 1588.2 | AC13: 1592 | AL13: 1588.2 | AM13: 29595 | AN13: 1369.6 | AO13: 15566
A14: =Matlab!A14 -> data/Blackbutt Eucalyptus/BE- 50 (4).txt | B14: =Matlab!B14 -> 50 | D14: 221 | E14: 1.3398629 | F14: 0.73022527 | G14: 1.8348624 | H14: =$K$1*$K$2*B14/(1+$K$2*B14) -> 1.9801706 | O14: 109 | P14: =$R$1*$R$2*B14/(1+$R$2*B14) -> 101.48319 | V14: 27 | W14: =$K$1*$K$2*V14/(1+$K$2*V14) -> 1.7786825 | X14: =$R$1*$R$2*V14/(1+$R$2*V14) -> 111.73905 | Z14: SG-50(4).txt | AA14: 50 | AB14: 1589.4 | AC14: 1584 | AL14: 1589.4 | AM14: 28747 | AN14: 1355.9 | AO14: 14498
A15: =Matlab!A15 -> data/Blackbutt Eucalyptus/BE- 50 (5).txt | B15: =Matlab!B15 -> 50 | D15: 223 | E15: 1.3296013 | F15: 0.7379287 | G15: 1.8018018 | H15: =$K$1*$K$2*B15/(1+$K$2*B15) -> 1.9801706 | O15: 111 | P15: =$R$1*$R$2*B15/(1+$R$2*B15) -> 101.48319 | V15: 28 | W15: =$K$1*$K$2*V15/(1+$K$2*V15) -> 1.7928461 | X15: =$R$1*$R$2*V15/(1+$R$2*V15) -> 110.86915 | Z15: SG-50(5).txt | AA15: 50 | AB15: 1588.2 | AC15: 1584 | AL15: 1588.2 | AM15: 31493 | AN15: 1377.1 | AO15: 17037
A16: =Matlab!A16 -> data/Grey Ironback/GI-25 (1) | B16: =Matlab!B16 -> 25 | D16: 219 | E16: 1.1652004 | F16: 0.69329424 | G16: 1.6806723 | H16: =$K$1*$K$2*B16/(1+$K$2*B16) -> 1.747754 | O16: 119 | P16: =$R$1*$R$2*B16/(1+$R$2*B16) -> 113.73807 | V16: 29 | W16: =$K$1*$K$2*V16/(1+$K$2*V16) -> 1.8062372 | X16: =$R$1*$R$2*V16/(1+$R$2*V16) -> 110.07132 | Z16: BE- 25 (2).txt | AA16: 25 | AB16: 1588.2 | AC16: 1588 | AL16: 1588.2 | AM16: 24938 | AN16: 1372.1 | AO16: 14344
... A20: =Matlab!A20 -> data/Grey Ironback/GI-25 (5) | B20: =Matlab!B20 -> 25 | D20: 221 | E20: 1.1656154 | F20: 0.69354118 | G20: 1.6806723 | H20: =$K$1*$K$2*B20/(1+$K$2*B20) -> 1.747754 | O20: 119 | P20: =$R$1*$R$2*B20/(1+$R$2*B20) -> 113.73807 | V20: 33 | W20: =$K$1*$K$2*V20/(1+$K$2*V20) -> 1.8532161 | X20: =$R$1*$R$2*V20/(1+$R$2*V20) -> 107.44712 | Z20: BE- 35 (1).txt | AA20: 35 | AB20: 1591.8 | AC20: 1586 | AL20: 1591.8 | AM20: 42174 | AN20: 1372.1 | AO20: 24938
A21: =Matlab!A22 -> data/Grey Ironback/GI-35 (2) | B21: =Matlab!B22 -> 35 | D21: 223 | E21: 1.4004167 | F21: 0.63718959 | G21: 2.1978022 | H21: =$K$1*$K$2*B21/(1+$K$2*B21) -> 1.8734026 | O21: 91 | P21: =$R$1*$R$2*B21/(1+$R$2*B21) -> 106.39626 | V21: 34 | W21: =$K$1*$K$2*V21/(1+$K$2*V21) -> 1.8635516 | X21: =$R$1*$R$2*V21/(1+$R$2*V21) -> 106.90366 | Z21: BE- 35 (2).txt | AA21: 35 | AB21: 1590.6 | AC21: 1584 | AL21: 1590.6 | AM21: 42120 | AN21: 1358.4 | AO21: 24960
A22: =Matlab!A23 -> data/Grey Ironback/GI-35 (3) | B22: =Matlab!B23 -> 35 | D22: 227 | E22: 1.2245251 | F22: 0.56940418 | G22: 2.1505376 | H22: =$K$1*$K$2*B22/(1+$K$2*B22) -> 1.8734026 | O22: 93 | P22: =$R$1*$R$2*B22/(1+$R$2*B22) -> 106.39626 | V22: 35 | W22: =$K$1*$K$2*V22/(1+$K$2*V22) -> 1.8734026 | X22: =$R$1*$R$2*V22/(1+$R$2*V22) -> 106.39626 | Z22: BE- 35 (3).txt | AA22: 35 | AB22: 1589.4 | AC22: 1590 | AL22: 1589.4 | AM22: 55937 | AN22: 1355.9 | AO22: 33131
A23: =Matlab!A24 -> data/Grey Ironback/GI-35 (4) | B23: =Matlab!B24 -> 35 | D23: 227 | E23: 1.2083731 | F23: 0.56189349 | G23: 2.1505376 | H23: =$K$1*$K$2*B23/(1+$K$2*B23) -> 1.8734026 | O23: 93 | P23: =$R$1*$R$2*B23/(1+$R$2*B23) -> 106.39626 | V23: 36 | W23: =$K$1*$K$2*V23/(1+$K$2*V23) -> 1.8828024 | X23: =$R$1*$R$2*V23/(1+$R$2*V23) -> 105.92145 | Z23: BE- 35 (4).txt | AA23: 35 | AB23: 1590.6 | AC23: 1588 | AL23: 1590.6 | AM23: 69817 | AN23: 1362.2 | AO23: 41055
A24: =Matlab!A25 -> data/Grey Ironback/GI-35 (5) | B24: =Matlab!B25 -> 35 | D24: 225 | E24: 1.2354762 | F24: 0.53743213 | G24: 2.2988506 | H24: =$K$1*$K$2*B24/(1+$K$2*B24) -> 1.8734026 | O24: 87 | P24: =$R$1*$R$2*B24/(1+$R$2*B24) -> 106.39626 | V24: 37 | W24: =$K$1*$K$2*V24/(1+$K$2*V24) -> 1.8917813 | X24: =$R$1*$R$2*V24/(1+$R$2*V24) -> 105.47619 | Z24: BE- 35 (5).txt | AA24: 35 | AB24: 1590.6 | AC24: 1588 | AL24: 1590.6 | AM24: 44738 | AN24: 1358.4 | AO24: 26403
A25: =Matlab!A26 -> data/Grey Ironback/GI-50 (1) | B25: =Matlab!B26 -> 50 | D25: 227 | E25: 1.2117615 | F25: 0.56346908 | G25: 2.1505376 | H25: =$K$1*$K$2*B25/(1+$K$2*B25) -> 1.9801706 | O25: 93 | P25: =$R$1*$R$2*B25/(1+$R$2*B25) -> 101.48319 | V25: 38 | W25: =$K$1*$K$2*V25/(1+$K$2*V25) -> 1.9003671 | X25: =$R$1*$R$2*V25/(1+$R$2*V25) -> 105.0578 | Z25: BE- 50 (1).txt | AA25: 50 | AB25: 1588.2 | AC25: 1588 | AL25: 1588.2 | AM25: 44684 | AN25: 1377.1 | AO25: 25538
A26: =Matlab!A27 -> data/Grey Ironback/GI-50 (2) | B26: =Matlab!B27 -> 50 | D26: 229 | E26: 1.5480604 | F26: 0.64244505 | G26: 2.4096386 | H26: =$K$1*$K$2*B26/(1+$K$2*B26) -> 1.9801706 | O26: 83 | P26: =$R$1*$R$2*B26/(1+$R$2*B26) -> 101.48319 | V26: 39 | W26: =$K$1*$K$2*V26/(1+$K$2*V26) -> 1.9085849 | X26: =$R$1*$R$2*V26/(1+$R$2*V26) -> 104.66393 | Z26: BE- 50 (2).txt | AA26: 50 | AB26: 1585.8 | AC26: 1588 | AL26: 1585.8 | AM26: 31415 | AN26: 1372.1 | AO26: 16951
A27: =Matlab!A28 -> data/Grey Ironback/GI-50 (3) | B27: =Matlab!B28 -> 50 | D27: 225 | E27: 1.4590844 | F27: 0.72224677 | G27: 2.020202 | H27: =$K$1*$K$2*B27/(1+$K$2*B27) -> 1.9801706 | O27: 99 | P27: =$R$1*$R$2*B27/(1+$R$2*B27) -> 101.48319 | V27: 40 | W27: =$K$1*$K$2*V27/(1+$K$2*V27) -> 1.9164579 | X27: =$R$1*$R$2*V27/(1+$R$2*V27) -> 104.29248 | Z27: BE- 50 (3).txt | AA27: 50 | AB27: 1588.2 | AC27: 1588 | AL27: 1588.2 | AM27: 29595 | AN27: 1369.6 | AO27: 15566
A28: =Matlab!A29 -> data/Grey Ironback/GI-50 (4) | B28: =Matlab!B29 -> 50 | D28: 225 | E28: 1.4639477 | F28: 0.72465412 | G28: 2.020202 | H28: =$K$1*$K$2*B28/(1+$K$2*B28) -> 1.9801706 | O28: 99 | P28: =$R$1*$R$2*B28/(1+$R$2*B28) -> 101.48319 | V28: 41 | W28: =$K$1*$K$2*V28/(1+$K$2*V28) -> 1.9240073 | X28: =$R$1*$R$2*V28/(1+$R$2*V28) -> 103.94158 | Z28: BE- 50 (4).txt | AA28: 50 | AB28: 1589.4 | AC28: 1588 | AL28: 1589.4 | AM28: 69642 | AN28: 1405.6 | AO28: 32747
A29: =Matlab!A30 -> data/Grey Ironback/GI-50 (5) | B29: =Matlab!B30 -> 50 | D29: 223 | E29: 1.6040455 | F29: 0.72984069 | G29: 2.1978022 | H29: =$K$1*$K$2*B29/(1+$K$2*B29) -> 1.9801706 | O29: 91 | P29: =$R$1*$R$2*B29/(1+$R$2*B29) -> 101.48319 | V29: 42 | W29: =$K$1*$K$2*V29/(1+$K$2*V29) -> 1.9312528 | X29: =$R$1*$R$2*V29/(1+$R$2*V29) -> 103.60958 | Z29: BE- 50 (5).txt | AA29: 50 | AB29: 1589.4 | AC29: 1590 | AL29: 1589.4 | AM29: 28747 | AN29: 1355.9 | AO29: 14498
A30: =Matlab!A31 -> data/Silvertop Ash/SA-20(1).txt | B30: =Matlab!B31 -> 20 | D30: 225 | E30: 1.4647545 | F30: 0.68111084 | G30: 2.1505376 | H30: =$K$1*$K$2*B30/(1+$K$2*B30) -> 1.6508709 | O30: 93 | P30: =$R$1*$R$2*B30/(1+$R$2*B30) -> 121.04673 | V30: 43 | W30: =$K$1*$K$2*V30/(1+$K$2*V30) -> 1.9382123 | X30: =$R$1*$R$2*V30/(1+$R$2*V30) -> 103.295 | Z30: GI-25 (1).txt | AA30: 25 | AB30: 1588.2 | AC30: 1586 | AL30: 1588.2 | AM30: 47262 | AN30: 1370.9 | AO30: 29075
A31: =Matlab!A32 -> data/Silvertop Ash/SA-20(2)_Copy | B31: =Matlab!B32 -> 20 | D31: 219 | E31: 0.73625667 | F31: 0.46752298 | G31: 1.5748031 | H31: =$K$1*$K$2*B31/(1+$K$2*B31) -> 1.6508709 | O31: 127 | P31: =$R$1*$R$2*B31/(1+$R$2*B31) -> 121.04673 | V31: 44 | W31: =$K$1*$K$2*V31/(1+$K$2*V31) -> 1.9449024 | X31: =$R$1*$R$2*V31/(1+$R$2*V31) -> 102.99649 | Z31: GI-25 (2).txt | AA31: 25 | AB31: 1587 | AC31: 1586 | AL31: 1587 | AM31: 48865 | AN31: 1370.9 | AO31: 29715
A32: =Matlab!A33 -> data/Silvertop Ash/SA-20 (3).txt | B32: =Matlab!B33 -> 20 | D32: 217 | E32: 0.81907081 | F32: 0.56106351 | G32: 1.459854 | H32: =$K$1*$K$2*B32/(1+$K$2*B32) -> 1.6508709 | O32: 137 | P32: =$R$1*$R$2*B32/(1+$R$2*B32) -> 121.04673 | V32: 45 | W32: =$K$1*$K$2*V32/(1+$K$2*V32) -> 1.9513384 | X32: =$R$1*$R$2*V32/(1+$R$2*V32) -> 102.71285 | Z32: GI-25 (3).txt | AA32: 25 | AB32: 1589.4 | AC32: 1586 | AL32: 1589.4 | AM32: 48372 | AN32: 1378.3 | AO32: 29425
... A42: =Matlab!A43 -> data/Silvertop Ash/SA-20(5).txt | B42: =Matlab!B43 -> 20 | D42: 219 | E42: 0.74108954 | F42: 0.50764633 | G42: 1.459854 | H42: =$K$1*$K$2*B42/(1+$K$2*B42) -> 1.6508709 | O42: 137 | P42: =$R$1*$R$2*B42/(1+$R$2*B42) -> 121.04673 | V42: 55 | W42: =$K$1*$K$2*V42/(1+$K$2*V42) -> 2.004402 | X42: =$R$1*$R$2*V42/(1+$R$2*V42) -> 100.49879 | Z42: GI-50 (4).txt | AA42: 50 | AB42: 1589.4 | AC42: 1588 | AL42: 1589.4 | AM42: 95139 | AN42: 1347.2 | AO42: 60995
A43: =Matlab!A44 -> data/Silvertop Ash/SA-20(6).txt | B43: =Matlab!B44 -> 20 | D43: 219 | E43: 0.7257022 | F43: 0.53339112 | G43: 1.3605442 | H43: =$K$1*$K$2*B43/(1+$K$2*B43) -> 1.6508709 | O43: 147 | P43: =$R$1*$R$2*B43/(1+$R$2*B43) -> 121.04673 | Z43: GI-50 (5).txt | AA43: 50 | AB43: 1589.4 | AC43: 1590 | AL43: 1589.4 | AM43: 37128 | AN43: 1349.7 | AO43: 23128
A44: =Matlab!A45 -> data/Silvertop Ash/SA-20(7).txt | B44: =Matlab!B45 -> 20 | D44: 215 | E44: 0.24586986 | F44: 0.17008805 | G44: 1.4455446 | H44: =$K$1*$K$2*B44/(1+$K$2*B44) -> 1.6508709 | O44: 101 | P44: =$R$1*$R$2*B44/(1+$R$2*B44) -> 121.04673 | Z44: SA-20 (3).txt | AA44: 20 | AB44: 1590.6 | AC44: 1584 | AL44: 1590.6 | AM44: 72077 | AN44: 1420.4 | AO44: 35530
A45: =Matlab!A46 -> data/Silvertop Ash/SA-20(8).txt | B45: =Matlab!B46 -> 20 | D45: 217 | E45: 0.27695942 | F45: 0.19756438 | G45: 1.4018692 | H45: =$K$1*$K$2*B45/(1+$K$2*B45) -> 1.6508709 | O45: 107 | P45: =$R$1*$R$2*B45/(1+$R$2*B45) -> 121.04673 | Z45: SA-20(1).txt | AA45: 20 | AB45: 1582.2 | AC45: 1586 | AL45: 1582.2 | AM45: 85902 | AN45: 1427.8 | AO45: 42828
A46: =Matlab!A47 -> data/Silvertop Ash/SA-20(9).txt | B46: =Matlab!B47 -> 20 | D46: 221 | E46: 0.21965757 | F46: 0.15623531 | G46: 1.4059406 | H46: =$K$1*$K$2*B46/(1+$K$2*B46) -> 1.6508709 | O46: 101 | P46: =$R$1*$R$2*B46/(1+$R$2*B46) -> 121.04673 | Z46: SA-20(13).txt | AA46: 20 | AB46: 1589.4 | AC46: 1588 | AL46: 1589.4 | AM46: 81482 | AN46: 1384.5 | AO46: 41265
A47: =Matlab!A48 -> data/Silvertop Ash/SA-25 (1).txt | B47: =Matlab!B48 -> 25 | D47: 215 | E47: 0.23844048 | F47: 0.17883036 | G47: 1.3333333 | H47: =$K$1*$K$2*B47/(1+$K$2*B47) -> 1.747754 | O47: 117 | P47: =$R$1*$R$2*B47/(1+$R$2*B47) -> 113.73807 | Z47: SA-20(14).txt | AA47: 20 | AB47: 1591.8 | AC47: 1588 | AL47: 1591.8 | AM47: 74760 | AN47: 1382 | AO47: 37911
A48: =Matlab!A49 -> data/Silvertop Ash/SA-25 (10).txt | B48: =Matlab!B49 -> 25 | D48: 225 | E48: 1.3851376 | F48: 0.71334587 | G48: 1.9417476 | H48: =$K$1*$K$2*B48/(1+$K$2*B48) -> 1.747754 | O48: 103 | P48: =$R$1*$R$2*B48/(1+$R$2*B48) -> 113.73807 | Z48: SA-20(15).txt | AA48: 20 | AB48: 1590.6 | AC48: 1584 | AL48: 1590.6 | AM48: 94325 | AN48: 1382 | AO48: 47109
A49: =Matlab!A50 -> data/Silvertop Ash/SA-25 (11).txt | B49: =Matlab!B50 -> 25 | D49: 221 | E49: 0.887023 | F49: 0.52777869 | G49: 1.6806723 | H49: =$K$1*$K$2*B49/(1+$K$2*B49) -> 1.747754 | O49: 119 | P49: =$R$1*$R$2*B49/(1+$R$2*B49) -> 113.73807 | Z49: SA-20(16).txt | AA49: 20 | AB49: 1582.2 | AC49: 1584 | AL49: 1582.2 | AM49: 12790 | AN49: 1437.6 | AO49: 6928.5
A50: =Matlab!A51 -> data/Silvertop Ash/SA-25 (12).txt | B50: =Matlab!B51 -> 25 | D50: 219 | E50: 1.1738376 | F50: 0.69843335 | G50: 1.6806723 | H50: =$K$1*$K$2*B50/(1+$K$2*B50) -> 1.747754 | O50: 119 | P50: =$R$1*$R$2*B50/(1+$R$2*B50) -> 113.73807 | Z50: SA-20(17).txt | AA50: 20 | AB50: 1591.8 | AC50: 1586 | AL50: 1591.8 | AM50: 21706 | AN50: 1380.8 | AO50: 11350
A51: =Matlab!A52 -> data/Silvertop Ash/SA-25 (13).txt | B51: =Matlab!B52 -> 25 | D51: 227 | E51: 1.2937523 | F51: 0.73097007 | G51: 1.7699115 | H51: =$K$1*$K$2*B51/(1+$K$2*B51) -> 1.747754 | O51: 113 | P51: =$R$1*$R$2*B51/(1+$R$2*B51) -> 113.73807 | Z51: SA-20(18).txt | AA51: 20 | AB51: 1594.2 | AC51: 1586 | AL51: 1594.2 | AM51: 22836 | AN51: 1446.2 | AO51: 12341
A52: =Matlab!A53 -> data/Silvertop Ash/SA-25 (14).txt | B52: =Matlab!B53 -> 25 | D52: 225 | E52: 1.2849287 | F52: 0.72598474 | G52: 1.7699115 | H52: =$K$1*$K$2*B52/(1+$K$2*B52) -> 1.747754 | O52: 113 | P52: =$R$1*$R$2*B52/(1+$R$2*B52) -> 113.73807 | Z52: SA-20(19).txt | AA52: 20 | AB52: 1587 | AC52: 1586 | AL52: 1587 | AM52: 14841 | AN52: 1427.8 | AO52: 7248.4
A53: =Matlab!A54 -> data/Silvertop Ash/SA-25 (14)_Copy | B53: =Matlab!B54 -> 25 | D53: 223 | E53: 1.300082 | F53: 0.73454631 | G53: 1.7699115 | H53: =$K$1*$K$2*B53/(1+$K$2*B53) -> 1.747754 | O53: 113 | P53: =$R$1*$R$2*B53/(1+$R$2*B53) -> 113.73807 | Z53: SA-20(2)_Copy.txt | AA53: 20 | AB53: 1590.6 | AC53: 1584 | AL53: 1590.6 | AM53: 73834 | AN53: 1410.5 | AO53: 37047
A54: =Matlab!A55 -> data/Silvertop Ash/SA-25 (15).txt | B54: =Matlab!B55 -> 25 | D54: 223 | E54: 1.300082 | F54: 0.73454631 | G54: 1.7699115 | H54: =$K$1*$K$2*B54/(1+$K$2*B54) -> 1.747754 | O54: 113 | P54: =$R$1*$R$2*B54/(1+$R$2*B54) -> 113.73807 | Z54: SA-20(4).txt | AA54: 20 | AB54: 1581 | AC54: 1584 | AL54: 1581 | AM54: 61352 | AN54: 1435.2 | AO54: 29668
... A136: =Matlab!A137 -> data/Spotted Gum/SG-35(5).txt | B136: =Matlab!B137 -> 35 | D136: 221 | E136: 1.2106858 | F136: 0.65982376 | G136: 1.8348624 | H136: =$K$1*$K$2*B136/(1+$K$2*B136) -> 1.8734026 | O136: 109 | P136: =$R$1*$R$2*B136/(1+$R$2*B136) -> 106.39626 | Z136: SA-50 (9).txt | AA136: 50 | AB136: 1589.4 | AC136: 1588 | AL136: 1589.4 | AM136: 32071 | AN136: 1355.9 | AO136: 21554
A137: =Matlab!A138 -> data/Spotted Gum/SG-50(1).txt | B137: =Matlab!B138 -> 50 | D137: 221 | E137: 1.200434 | F137: 0.66624088 | G137: 1.8018018 | H137: =$K$1*$K$2*B137/(1+$K$2*B137) -> 1.9801706 | O137: 111 | P137: =$R$1*$R$2*B137/(1+$R$2*B137) -> 101.48319
A138: =Matlab!A139 -> data/Spotted Gum/SG-50(2).txt | B138: =Matlab!B139 -> 50 | D138: 217 | E138: 1.0567008 | F138: 0.60760293 | G138: 1.7391304 | H138: =$K$1*$K$2*B138/(1+$K$2*B138) -> 1.9801706 | O138: 115 | P138: =$R$1*$R$2*B138/(1+$R$2*B138) -> 101.48319
A139: =Matlab!A140 -> data/Spotted Gum/SG-50(3).txt | B139: =Matlab!B140 -> 50 | D139: 217 | E139: 1.0086955 | F139: 0.56991294 | G139: 1.7699115 | H139: =$K$1*$K$2*B139/(1+$K$2*B139) -> 1.9801706 | O139: 113 | P139: =$R$1*$R$2*B139/(1+$R$2*B139) -> 101.48319
A140: =Matlab!A141 -> data/Spotted Gum/SG-50(4).txt | B140: =Matlab!B141 -> 50 | D140: 223 | E140: 0.5736863 | F140: 0.32172948 | G140: 1.7831325 | H140: =$K$1*$K$2*B140/(1+$K$2*B140) -> 1.9801706 | O140: 83 | P140: =$R$1*$R$2*B140/(1+$R$2*B140) -> 101.48319
A141: =Matlab!A142 -> data/Spotted Gum/SG-50(5).txt | B141: =Matlab!B142 -> 50 | D141: 219 | E141: 0.98819506 | F141: 0.48915655 | G141: 2.020202 | H141: =$K$1*$K$2*B141/(1+$K$2*B141) -> 1.9801706 | O141: 99 | P141: =$R$1*$R$2*B141/(1+$R$2*B141) -> 101.48319
D142: 217 | E142: 1.0588467 | F142: 0.60883684 | G142: 1.7391304 | O142: 115
