Workbook

Sheet Calculations
A1: Species | B1: Thermal Energy | C1: D pos | D1: D ht | E1: D fwhm | F1: D area | G1: G_G pos | H1: G_G ht | I1: G_G fwhm | J1: G_G area | K1: Thermal Energy | L1: D-FWHM/G-FWHM | M1: R1 (ID/IG) | N1: AD/AG | O1: RBS | Q1: D-FWHM/G-FWHM | Z1: R1 (ID/IG) | AH1: AD/AG | AP1: RBS
K2: kW/m2 | Q2: r= | T2: p=
A3: Silvertop Ash | B3: 20kW/m2 | C3: 1367 | D3: 31959 | E3: 200 | F3: 6803860 | G3: 1584 | H3: 61721 | I3: 123 | J3: 8081096 | K3: 20 | L3: 1.6260163 | M3: 0.51779783 | N3: 0.84194768 | O3: 217 | Q3: =CORREL(K3:K100,L3:L100) -> 0.44115016 | R3: silvertop ash only | T3: <0.00001 | U3: signif | Z3: =CORREL(K3:K100,M3:M100) -> 0.60088383 | AA3: silvertop ash only | AC3: <0.00001 | AD3: signif | AH3: =CORREL(K3:K100, N3:N100) -> 0.62632445 | AI3: silvertop ash only | AK3: <0.00001 | AL3: signif | AP3: =CORREL(K3:K100,O3:O100) -> 0.26085855 | AQ3: silvertop ash only | AS3: <0.00001 | AT3: signif
A4: Silvertop Ash | B4: 20kW/m2 | C4: 1367 | D4: 33995 | E4: 200 | F4: 7237311 | G4: 1586 | H4: 72713 | I4: 127 | J4: 9829875 | K4: 20 | L4: 1.5748031 | M4: 0.467523 | N4: 0.73625667 | O4: 219 | Q4: =CORREL(K3:K145,L3:L145) -> 0.43236187 | R4: all spp | T4: <0.00001 | U4: signif | V4: df=141 | Z4: =CORREL(K3:K145,M3:M145) -> 0.4030289 | AA4: all spp | AC4: <0.00001 | AD4: signif | AH4: =CORREL(K3:K145, N3:N145) -> 0.49583864 | AI4: all spp | AK4: <0.00001 | AL4: signif | AP4: =CORREL(K3:K145,O3:O145) -> 0.18527831 | AQ4: all spp | AS4: 0.02782 | AT4: signif
A5: Silvertop Ash | B5: 20kW/m2 | C5: 1369 | D5: 275 | E5: 188 | F5: 55033 | G5: 1584 | H5: 641 | I5: 101 | J5: 68915 | K5: 20 | L5: 1.8613861 | M5: 0.42901716 | N5: 0.79856345 | O5: 215
A6: Silvertop Ash | B6: 20kW/m2 | C6: 1367 | D6: 39493 | E6: 200 | F6: 8407799 | G6: 1588 | H6: 73305 | I6: 119 | J6: 9285660 | K6: 20 | L6: 1.6806723 | M6: 0.53874906 | N6: 0.90546057 | O6: 221
A7: Silvertop Ash | B7: 20kW/m2 | C7: 1367 | D7: 36337 | E7: 200 | F7: 7735908 | G7: 1588 | H7: 66583 | I7: 117 | J7: 8292423 | K7: 20 | L7: 1.7094017 | M7: 0.5457399 | N7: 0.93288874 | O7: 221
A8: Silvertop Ash | B8: 20kW/m2 | C8: 1365 | D8: 45811 | E8: 200 | F8: 9752860 | G8: 1584 | H8: 80295 | I8: 127 | J8: 10854865 | K8: 20 | L8: 1.5748031 | M8: 0.57053366 | N8: 0.89847824 | O8: 219
A9: Silvertop Ash | B9: 20kW/m2 | C9: 1365 | D9: 6219 | E9: 200 | F9: 1323984 | G9: 1584 | H9: 10913 | I9: 137 | J9: 1591464 | K9: 20 | L9: 1.459854 | M9: 0.5698708 | N9: 0.83192834 | O9: 219
A10: Silvertop Ash | B10: 20kW/m2 | C10: 1367 | D10: 10383 | E10: 200 | F10: 2210472 | G10: 1586 | H10: 18801 | I10: 127 | J10: 2541657 | K10: 20 | L10: 1.5748031 | M10: 0.55225786 | N10: 0.86969721 | O10: 219
A11: Silvertop Ash | B11: 20kW/m2 | C11: 1365 | D11: 9983 | E11: 200 | F11: 2125315 | G11: 1586 | H11: 19413 | I11: 139 | J11: 2872365 | K11: 20 | L11: 1.4388489 | M11: 0.51424303 | N11: 0.73991815 | O11: 221
A12: Silvertop Ash | B12: 20kW/m2 | C12: 1367 | D12: 6011 | E12: 200 | F12: 1279702 | G12: 1586 | H12: 12299 | I12: 127 | J12: 1662669 | K12: 20 | L12: 1.5748031 | M12: 0.48873892 | N12: 0.76966732 | O12: 219
A13: Silvertop Ash | B13: 20kW/m2 | C13: 1367 | D13: 36105 | E13: 200 | F13: 7686516 | G13: 1584 | H13: 64351 | I13: 137 | J13: 9384434 | K13: 20 | L13: 1.459854 | M13: 0.56106354 | N13: 0.81907081 | O13: 217
A14: Silvertop Ash | B14: 20kW/m2 | C14: 1365 | D14: 25793 | E14: 200 | F14: 5491160 | G14: 1584 | H14: 50809 | I14: 137 | J14: 7409577 | K14: 20 | L14: 1.459854 | M14: 0.50764628 | N14: 0.74108954 | O14: 219
A15: Silvertop Ash | B15: 20kW/m2 | C15: 1365 | D15: 25215 | E15: 200 | F15: 5368107 | G15: 1584 | H15: 47273 | I15: 147 | J15: 7397121 | K15: 20 | L15: 1.3605442 | M15: 0.53339115 | N15: 0.7257022 | O15: 219
A16: Silvertop Ash | B16: 20kW/m2 | C16: 1369 | D16: 11227 | E16: 146 | F16: 1744813 | G16: 1584 | H16: 66007 | I16: 101 | J16: 7096490 | K16: 20 | L16: 1.4455446 | M16: 0.17008802 | N16: 0.24586986 | O16: 215 | Q16: =AVERAGE(M16:M19) -> 0.17567954
A17: Silvertop Ash | B17: 20kW/m2 | C17: 1369 | D17: 11843 | E17: 150 | F17: 1890972 | G17: 1586 | H17: 59945 | I17: 107 | J17: 6827614 | K17: 20 | L17: 1.4018692 | M17: 0.19756443 | N17: 0.27695942 | O17: 217
A18: Silvertop Ash | B18: 20kW/m2 | C18: 1369 | D18: 1665 | E18: 142 | F18: 251672 | G18: 1590 | H18: 10657 | I18: 101 | J18: 1145747 | K18: 20 | L18: 1.4059406 | M18: 0.15623534 | N18: 0.21965757 | O18: 221
A19: Silvertop Ash | B19: 20kW/m2 | C19: 1369 | D19: 3379 | E19: 156 | F19: 561106 | G19: 1584 | H19: 18895 | I19: 117 | J19: 2353233 | K19: 20 | L19: 1.3333333 | M19: 0.17883038 | N19: 0.23844048 | O19: 215
A20: Silvertop Ash | B20: 25kW/m2 | C20: 1365 | D20: 19515 | E20: 200 | F20: 4154615 | G20: 1590 | H20: 27357 | I20: 103 | J20: 2999424 | K20: 25 | L20: 1.9417476 | M20: 0.71334576 | N20: 1.3851376 | O20: 225
A21: Silvertop Ash | B21: 25kW/m2 | C21: 1367 | D21: 15855 | E21: 200 | F21: 3375425 | G21: 1588 | H21: 30041 | I21: 119 | J21: 3805341 | K21: 25 | L21: 1.6806723 | M21: 0.5277787 | N21: 0.887023 | O21: 221
A22: Silvertop Ash | B22: 25kW/m2 | C22: 1365 | D22: 19839 | E22: 200 | F22: 4223592 | G22: 1584 | H22: 28405 | I22: 119 | J22: 3598106 | K22: 25 | L22: 1.6806723 | M22: 0.69843337 | N22: 1.1738376 | O22: 219
A23: Silvertop Ash | B23: 25kW/m2 | C23: 1365 | D23: 28415 | E23: 200 | F23: 6049366 | G23: 1592 | H23: 38873 | I23: 113 | J23: 4675830 | K23: 25 | L23: 1.7699115 | M23: 0.73097008 | N23: 1.2937523 | O23: 227
A24: Silvertop Ash | B24: 25kW/m2 | C24: 1365 | D24: 27517 | E24: 200 | F24: 5858188 | G24: 1590 | H24: 37903 | I24: 113 | J24: 4559154 | K24: 25 | L24: 1.7699115 | M24: 0.72598475 | N24: 1.2849287 | O24: 225
A25: Silvertop Ash | B25: 25kW/m2 | C25: 1367 | D25: 30765 | E25: 200 | F25: 6549666 | G25: 1590 | H25: 41883 | I25: 113 | J25: 5037887 | K25: 25 | L25: 1.7699115 | M25: 0.73454624 | N25: 1.300082 | O25: 223
A26: Silvertop Ash | B26: 25kW/m2 | C26: 1367 | D26: 30765 | E26: 200 | F26: 6549666 | G26: 1590 | H26: 41883 | I26: 113 | J26: 5037887 | K26: 25 | L26: 1.7699115 | M26: 0.73454624 | N26: 1.300082 | O26: 223
A27: Silvertop Ash | B27: 25kW/m2 | C27: 1365 | D27: 31883 | E27: 200 | F27: 6787681 | G27: 1590 | H27: 44225 | I27: 113 | J27: 5319594 | K27: 25 | L27: 1.7699115 | M27: 0.72092708 | N27: 1.2759773 | O27: 225
A28: Silvertop Ash | B28: 25kW/m2 | C28: 1367 | D28: 30607 | E28: 200 | F28: 6516029 | G28: 1590 | H28: 42093 | I28: 113 | J28: 5063147 | K28: 25 | L28: 1.7699115 | M28: 0.72712803 | N28: 1.2869524 | O28: 223
... A37: Silvertop Ash | B37: 25kW/m2 | C37: 1365 | D37: 16051 | E37: 200 | F37: 3417152 | G37: 1588 | H37: 29055 | I37: 119 | J37: 3680443 | K37: 25 | L37: 1.6806723 | M37: 0.55243504 | N37: 0.92846214 | O37: 223
A38: Silvertop Ash | B38: 25kW/m2 | C38: 1367 | D38: 20885 | E38: 200 | F38: 4446279 | G38: 1588 | H38: 34779 | I38: 119 | J38: 4405511 | K38: 25 | L38: 1.6806723 | M38: 0.60050605 | N38: 1.0092539 | O38: 221 | Q38: if consider only lower applied energy
A39: Silvertop Ash | B39: 25kW/m2 | C39: 1365 | D39: 20987 | E39: 200 | F39: 4467994 | G39: 1584 | H39: 30483 | I39: 117 | J39: 3796433 | K39: 25 | L39: 1.7094017 | M39: 0.6884821 | N39: 1.1768926 | O39: 219
A40: Silvertop Ash | B40: 25kW/m2 | C40: 1365 | D40: 34369 | E40: 200 | F40: 7316934 | G40: 1584 | H40: 50371 | I40: 127 | J40: 6809520 | K40: 25 | L40: 1.5748031 | M40: 0.68231721 | N40: 1.0745154 | O40: 219 | Q40: r=
A41: Silvertop Ash | B41: 30kW/m2 | C41: 1365 | D41: 5783 | E41: 200 | F41: 1231163 | G41: 1592 | H41: 9373 | I41: 103 | J41: 1027657 | K41: 30 | L41: 1.9417476 | M41: 0.61698496 | N41: 1.1980291 | O41: 227 | Q41: =CORREL(K3:K80,L3:L80) -> 0.77175821 | R41: silverrtop ash only
A42: Silvertop Ash | B42: 30kW/m2 | C42: 1365 | D42: 8927 | E42: 200 | F42: 1900499 | G42: 1594 | H42: 14259 | I42: 103 | J42: 1563358 | K42: 30 | L42: 1.9417476 | M42: 0.62606073 | N42: 1.2156518 | O42: 229 | Q42: p=
A43: Silvertop Ash | B43: 30kW/m2 | C43: 1365 | D43: 5889 | E43: 200 | F43: 1253729 | G43: 1596 | H43: 8839 | I43: 101 | J43: 950291 | K43: 30 | L43: 1.980198 | M43: 0.66625184 | N43: 1.3193106 | O43: 231 | Q43: <0.00001
A44: Silvertop Ash | B44: 30kW/m2 | C44: 1365 | D44: 2993 | E44: 200 | F44: 637190 | G44: 1588 | H44: 5329 | I44: 111 | J44: 629652 | K44: 30 | L44: 1.8018018 | M44: 0.56164384 | N44: 1.0119717 | O44: 223 | Q44: signif
A45: Silvertop Ash | B45: 30kW/m2 | C45: 1365 | D45: 23595 | E45: 200 | F45: 5023220 | G45: 1588 | H45: 41087 | I45: 129 | J45: 5641913 | K45: 30 | L45: 1.5503876 | M45: 0.57426923 | N45: 0.89033986 | O45: 223 | R45: all species
A46: Silvertop Ash | B46: 30kW/m2 | C46: 1365 | D46: 22891 | E46: 200 | F46: 4873343 | G46: 1584 | H46: 37305 | I46: 127 | J46: 5043163 | K46: 30 | L46: 1.5748031 | M46: 0.61361748 | N46: 0.96632669 | O46: 219
A47: Silvertop Ash | B47: 30kW/m2 | C47: 1365 | D47: 33233 | E47: 200 | F47: 7075087 | G47: 1586 | H47: 58821 | I47: 117 | J47: 7325723 | K47: 30 | L47: 1.7094017 | M47: 0.56498529 | N47: 0.96578686 | O47: 221
A48: Silvertop Ash | B48: 30kW/m2 | C48: 1367 | D48: 22081 | E48: 200 | F48: 4700899 | G48: 1586 | H48: 37397 | I48: 115 | J48: 4577905 | K48: 30 | L48: 1.7391304 | M48: 0.59044843 | N48: 1.0268669 | O48: 219
A49: Silvertop Ash | B49: 30kW/m2 | C49: 1365 | D49: 22061 | E49: 200 | F49: 4696641 | G49: 1584 | H49: 36781 | I49: 127 | J49: 4972325 | K49: 30 | L49: 1.5748031 | M49: 0.59979337 | N49: 0.94455632 | O49: 219
A50: Silvertop Ash | B50: 30kW/m2 | C50: 1367 | D50: 29837 | E50: 200 | F50: 6352101 | G50: 1586 | H50: 50525 | I50: 127 | J50: 6830339 | K50: 30 | L50: 1.5748031 | M50: 0.59053934 | N50: 0.92998327 | O50: 219
A51: Silvertop Ash | B51: 30kW/m2 | C51: 1365 | D51: 24451 | E51: 200 | F51: 5205457 | G51: 1584 | H51: 40941 | I51: 127 | J51: 5534704 | K51: 30 | L51: 1.5748031 | M51: 0.59722527 | N51: 0.94051227 | O51: 219
A52: Silvertop Ash | B52: 30kW/m2 | C52: 1367 | D52: 5323 | E52: 200 | F52: 1133232 | G52: 1592 | H52: 9957 | I52: 93 | J52: 985698 | K52: 30 | L52: 2.1505376 | M52: 0.53459877 | N52: 1.1496746 | O52: 225
A53: Silvertop Ash | B53: 30kW/m2 | C53: 1365 | D53: 30329 | E53: 200 | F53: 6456844 | G53: 1584 | H53: 50827 | I53: 127 | J53: 6871166 | K53: 30 | L53: 1.5748031 | M53: 0.59671041 | N53: 0.93970135 | O53: 219
A54: Silvertop Ash | B54: 30kW/m2 | C54: 1365 | D54: 4471 | E54: 200 | F54: 951846 | G54: 1592 | H54: 8163 | I54: 101 | J54: 877614 | K54: 30 | L54: 1.980198 | M54: 0.5477153 | N54: 1.0845839 | O54: 227
A55: Silvertop Ash | B55: 30kW/m2 | C55: 1367 | D55: 4721 | E55: 200 | F55: 1005070 | G55: 1594 | H55: 7843 | I55: 101 | J55: 843210 | K55: 30 | L55: 1.980198 | M55: 0.60193803 | N55: 1.1919569 | O55: 227
A56: Silvertop Ash | B56: 30kW/m2 | C56: 1367 | D56: 8669 | E56: 200 | F56: 1845573 | G56: 1594 | H56: 13779 | I56: 103 | J56: 1510731 | K56: 30 | L56: 1.9417476 | M56: 0.6291458 | N56: 1.2216424 | O56: 227
A57: Silvertop Ash | B57: 30kW/m2 | C57: 1365 | D57: 5503 | E57: 200 | F57: 1171552 | G57: 1594 | H57: 8867 | I57: 103 | J57: 972179 | K57: 30 | L57: 1.9417476 | M57: 0.62061577 | N57: 1.2050785 | O57: 229
... A100: Silvertop Ash | B100: 50kW/m2 | C100: 1365 | D100: 22091 | E100: 200 | F100: 4703028 | G100: 1588 | H100: 28953 | I100: 109 | J100: 3359327 | K100: 50 | L100: 1.8348624 | M100: 0.7629952 | N100: 1.3999911 | O100: 223
A101: Blackbutt | B101: 25 kW/m2 | C101: 1365 | D101: 36427 | E101: 200 | F101: 7755068 | G101: 1588 | H101: 48845 | I101: 111 | J101: 5771322 | K101: 25 | L101: 1.8018018 | M101: =D101/H101 -> 0.74576722 | N101: 1.3437247 | O101: 223
A102: Blackbutt | B102: 25 kW/m2 | C102: 1365 | D102: 43981 | E102: 200 | F102: 9363265 | G102: 1588 | H102: 57501 | I102: 109 | J102: 6671663 | K102: 25 | L102: 1.8348624 | M102: =D102/H102 -> 0.76487365 | N102: 1.4034379 | O102: 223
A103: Blackbutt | B103: 25 kW/m2 | C103: 1365 | D103: 29209 | E103: 200 | F103: 6218404 | G103: 1586 | H103: 37117 | I103: 109 | J103: 4306571 | K103: 25 | L103: 1.8348624 | M103: =D103/H103 -> 0.78694399 | N103: 1.4439339 | O103: 221
A104: Blackbutt | B104: 25 kW/m2 | C104: 1365 | D104: 21091 | E104: 200 | F104: 4490135 | G104: 1590 | H104: 27605 | I104: 101 | J104: 2967846 | K104: 25 | L104: 1.980198 | M104: =D104/H104 -> 0.76402826 | N104: 1.5129272 | O104: 225
A105: Blackbutt | B105: 25 kW/m2 | C105: 1365 | D105: 32677 | E105: 200 | F105: 6956718 | G105: 1588 | H105: 42767 | I105: 107.5 | J105: 4929350.5 | K105: 25 | L105: 1.8629311 | M105: 0.76407043 | N105: 1.426006 | O105: 223
A106: Blackbutt | B106: 35 kW/m2 | C106: 1365 | D106: 19087 | E106: 200 | F106: 4063496 | G106: 1586 | H106: 24191 | I106: 109 | J106: 2806807 | K106: 35 | L106: 1.8348624 | M106: =D106/H106 -> 0.78901244 | N106: 1.447729 | O106: 221
A107: Blackbutt | B107: 35 kW/m2 | C107: 1365 | D107: 19953 | E107: 200 | F107: 4247862 | G107: 1584 | H107: 25811 | I107: 119 | J107: 3269520 | K107: 35 | L107: 1.6806723 | M107: =D107/H107 -> 0.7730425 | N107: 1.2992311 | O107: 219
A108: Blackbutt | B108: 35 kW/m2 | C108: 1365 | D108: 16225 | E108: 200 | F108: 3454196 | G108: 1590 | H108: 25879 | I108: 101 | J108: 2782282 | K108: 35 | L108: 1.980198 | M108: =D108/H108 -> 0.62695622 | N108: 1.2414974 | O108: 225
A109: Blackbutt | B109: 35 kW/m2 | C109: 1365 | D109: 18259 | E109: 200 | F109: 3887221 | G109: 1588 | H109: 25393 | I109: 109 | J109: 2946271 | K109: 35 | L109: 1.8348624 | M109: =D109/H109 -> 0.71905643 | N109: 1.3193698 | O109: 223
A110: Blackbutt | B110: 35 kW/m2 | C110: 1367 | D110: 21267 | E110: 200 | F110: 4527604 | G110: 1588 | H110: 27161 | I110: 109 | J110: 3151407 | K110: 35 | L110: 1.8348624 | M110: =D110/H110 -> 0.78299768 | N110: 1.4366929 | O110: 221
A111: Blackbutt | B111: 50 kW/m2 | C111: 1367 | D111: 44983 | E111: 200 | F111: 9576584 | G111: 1588 | H111: 61669 | I111: 109 | J111: 7155263 | K111: 50 | L111: 1.8348624 | M111: =D111/H111 -> 0.72942645 | N111: 1.3383972 | O111: 221
A112: Blackbutt | B112: 50 kW/m2 | C112: 1365 | D112: 41725 | E112: 200 | F112: 8882977 | G112: 1588 | H112: 58097 | I112: 109 | J112: 6740815 | K112: 50 | L112: 1.8348624 | M112: =D112/H112 -> 0.71819543 | N112: 1.3177898 | O112: 223
A113: Blackbutt | B113: 50 kW/m2 | C113: 1365 | D113: 28445 | E113: 200 | F113: 6055753 | G113: 1588 | H113: 39379 | I113: 109 | J113: 4569024 | K113: 50 | L113: 1.8348624 | M113: =D113/H113 -> 0.72233932 | N113: 1.3253931 | O113: 223
A114: Blackbutt | B114: 50 kW/m2 | C114: 1367 | D114: 34647 | E114: 200 | F114: 7376118 | G114: 1588 | H114: 47447 | I114: 109 | J114: 5505129 | K114: 50 | L114: 1.8348624 | M114: =D114/H114 -> 0.7302253 | N114: 1.3398629 | O114: 221
A115: Blackbutt | B115: 50 kW/m2 | C115: 1367 | D115: 27127 | E115: 200 | F115: 5775159 | G115: 1590 | H115: 36761 | I115: 111 | J115: 4343527 | K115: 50 | L115: 1.8018018 | M115: =D115/H115 -> 0.73792878 | N115: 1.3296013 | O115: 223
A116: Grey Ironbark | B116: 25 kW/m2 | C116: 1367 | D116: 29083 | E116: 200 | F116: 6191579 | G116: 1586 | H116: 41949 | I116: 119 | J116: 5313746 | K116: 25 | L116: 1.6806723 | M116: 0.69329424 | N116: 1.1652004 | O116: 219
A117: Grey Ironbark | B117: 25 kW/m2 | C117: 1365 | D117: 29669 | E117: 200 | F117: 6316335 | G117: 1586 | H117: 42997 | I117: 119 | J117: 5446498 | K117: 25 | L117: 1.6806723 | M117: 0.69002489 | N117: 1.1597057 | O117: 221
A118: Grey Ironbark | B118: 25 kW/m2 | C118: 1365 | D118: 29695 | E118: 200 | F118: 6321870 | G118: 1586 | H118: 43329 | I118: 121 | J118: 5580797 | K118: 25 | L118: 1.6528926 | M118: 0.68533776 | N118: 1.1327898 | O118: 221
A119: Grey Ironbark | B119: 25 kW/m2 | C119: 1365 | D119: 23921 | E119: 200 | F119: 5092623 | G119: 1586 | H119: 35121 | I119: 119 | J119: 4448832 | K119: 25 | L119: 1.6806723 | M119: 0.68110247 | N119: 1.1447101 | O119: 221
A120: Grey Ironbark | B120: 25 kW/m2 | C120: 1365 | D120: 26555 | E120: 200 | F120: 5653384 | G120: 1586 | H120: 38289 | I120: 119 | J120: 4850128 | K120: 25 | L120: 1.6806723 | M120: 0.69354123 | N120: 1.1656154 | O120: 221
A121: Grey Ironbark | B121: 35 kW/m2 | C121: 1365 | D121: 843 | E121: 200 | F121: 179469 | G121: 1588 | H121: 1323 | I121: 91 | J121: 128154 | K121: 35 | L121: 2.1978022 | M121: 0.63718821 | N121: 1.4004167 | O121: 223
A122: Grey Ironbark | B122: 35 k W/m2 | C122: 1365 | D122: 10005 | E122: 200 | F122: 2129999 | G122: 1592 | H122: 17571 | I122: 93 | J122: 1739449 | K122: 35 | L122: 2.1505376 | M122: 0.56940413 | N122: 1.2245251 | O122: 227
A123: Grey Ironbark | B123: 35 k W/m2 | C123: 1365 | D123: 8629 | E123: 200 | F123: 1837057 | G123: 1592 | H123: 15357 | I123: 93 | J123: 1520273 | K123: 35 | L123: 2.1505376 | M123: 0.5618936 | N123: 1.2083731 | O123: 227
A124: Grey Ironbark | B124: 35 kW/m2 | C124: 1367 | D124: 3051 | E124: 200 | F124: 649538 | G124: 1592 | H124: 5677 | I124: 87 | J124: 525739 | K124: 35 | L124: 2.2988506 | M124: 0.53743174 | N124: 1.2354762 | O124: 225
A125: Grey Ironbark | B125: 35 kW/m2 | C125: 1365 | D125: 9921 | E125: 200 | F125: 2112116 | G125: 1592 | H125: 17607 | I125: 93 | J125: 1743013 | K125: 35 | L125: 2.1505376 | M125: 0.56346907 | N125: 1.2117615 | O125: 227
A126: Grey Ironbark | B126: 50 kW/m2 | C126: 1365 | D126: 29733 | E126: 200 | F126: 6329960 | G126: 1594 | H126: 46281 | I126: 83 | J126: 4088962 | K126: 50 | L126: 2.4096386 | M126: 0.64244506 | N126: 1.5480604 | O126: 229
A127: Grey Ironbark | B127: 50 kW/m2 | C127: 1365 | D127: 44065 | E127: 200 | F127: 9381148 | G127: 1590 | H127: 61011 | I127: 99 | J127: 6429476 | K127: 50 | L127: 2.020202 | M127: 0.72224681 | N127: 1.4590844 | O127: 225
... A130: Grey Ironbark | B130: 50 kW/m2 | C130: 1365 | D130: 23593 | E130: 200 | F130: 5022794 | G130: 1590 | H130: 34639 | I130: 93 | J130: 3429103 | K130: 50 | L130: 2.1505376 | M130: 0.68111089 | N130: 1.4647545 | O130: 225
A131: Spotted Gum | B131: 25 kW/m2 | C131: 1365 | D131: 14673 | E131: 200 | F131: 3123785 | G131: 1588 | H131: 22707 | I131: 109 | J131: 2634623 | K131: 25 | L131: 1.8348624 | M131: =D131/H131 -> 0.6461884 | N131: 1.1856668 | O131: 223
A132: Spotted Gum | B132: 25 kW/m2 | C132: 1365 | D132: 26957 | E132: 200 | F132: 5738968 | G132: 1584 | H132: 40151 | I132: 117 | J132: 5000512 | K132: 25 | L132: 1.7094017 | M132: =D132/H132 -> 0.6713905 | N132: 1.1476761 | O132: 219
A133: Spotted Gum | B133: 25 kW/m2 | C133: 1365 | D133: 21399 | E133: 200 | F133: 4555706 | G133: 1586 | H133: 32359 | I133: 119 | J133: 4098966 | K133: 25 | L133: 1.6806723 | M133: =D133/H133 -> 0.66129979 | N133: 1.1114281 | O133: 221
A134: Spotted Gum | B134: 25 kW/m2 | C134: 1367 | D134: 21707 | E134: 200 | F134: 4621277 | G134: 1586 | H134: 33441 | I134: 117 | J134: 4164831 | K134: 25 | L134: 1.7094017 | M134: =D134/H134 -> 0.64911336 | N134: 1.1095953 | O134: 219
A135: Spotted Gum | B135: 25 kW/m2 | C135: 1365.5 | D135: 21184 | E135: 200 | F135: 4509934 | G135: 1586 | H135: 32164.5 | I135: 115.5 | J135: =AVERAGE(J131:J134) -> 3974733 | K135: 25 | L135: 1.7335845 | M135: 0.65861431 | N135: 1.1385916 | O135: 220.5
A136: Spotted Gum | B136: 35 kW/m2 | C136: 1365 | D136: 24641 | E136: 200 | F136: 5245906 | G136: 1590 | H136: 39293 | I136: 101 | J136: 4224436 | K136: 35 | L136: 1.980198 | M136: =D136/H136 -> 0.62710915 | N136: 1.2418003 | O136: 225
A137: Spotted Gum | B137: 35 kW/m2 | C137: 1367 | D137: 25029 | E137: 200 | F137: 5328509 | G137: 1588 | H137: 37575 | I137: 111 | J137: 4439706 | K137: 35 | L137: 1.8018018 | M137: =D137/H137 -> 0.66610778 | N137: 1.2001941 | O137: 221
A138: Spotted Gum | B138: 35 kW/m2 | C138: 1365 | D138: 32811 | E138: 200 | F138: 6985246 | G138: 1590 | H138: 52105 | I138: 101 | J138: 5601870 | K138: 35 | L138: 1.980198 | M138: =D138/H138 -> 0.62970924 | N138: 1.246949 | O138: 225
A139: Spotted Gum | B139: 35 kW/m2 | C139: 1365 | D139: 40659 | E139: 200 | F139: 8656033 | G139: 1586 | H139: 61621 | I139: 109 | J139: 7149694 | K139: 35 | L139: 1.8348624 | M139: =D139/H139 -> 0.65982376 | N139: 1.2106858 | O139: 221
A140: Spotted Gum | B140: 35 kW/m2 | C140: 1365 | D140: 26597 | E140: 200 | F140: 5662326 | G140: 1586 | H140: 39921 | I140: 111 | J140: 4716899 | K140: 35 | L140: 1.8018018 | M140: =D140/H140 -> 0.66624083 | N140: 1.200434 | O140: 221
A141: Spotted Gum | B141: 50 kW/m2 | C141: 1367 | D141: 16463 | E141: 200 | F141: 3504864 | G141: 1584 | H141: 27095 | I141: 115 | J141: 3316799 | K141: 50 | L141: 1.7391304 | M141: =D141/H141 -> 0.60760288 | N141: 1.0567008 | O141: 217
A142: Spotted Gum | B142: 50 kW/m2 | C142: 1367 | D142: 14343 | E142: 200 | F142: 3053530 | G142: 1584 | H142: 25167 | I142: 113 | J142: 3027207 | K142: 50 | L142: 1.7699115 | M142: =D142/H142 -> 0.56991298 | N142: 1.0086955 | O142: 217
A143: Spotted Gum | B143: 50kW/m2 | C143: 1369 | D143: 18521 | E143: 148 | F143: 2917819 | G143: 1592 | H143: 57567 | I143: 83 | J143: 5086088 | K143: 50 | L143: 1.7831325 | M143: =D143/H143 -> 0.32172946 | N143: 0.5736863 | O143: 223
A144: Spotted Gum | B144: 50 kW/m2 | C144: 1365 | D144: 12067 | E144: 200 | F144: 2568985 | G144: 1584 | H144: 24669 | I144: 99 | J144: 2599674 | K144: 50 | L144: 2.020202 | M144: =D144/H144 -> 0.48915643 | N144: 0.98819506 | O144: 219
A145: Spotted Gum | B145: 50 kW/m2 | C145: 1367 | D145: 16701 | E145: 200 | F145: 3555533 | G145: 1584 | H145: 27431 | I145: 115 | J145: 3357930 | K145: 50 | L145: 1.7391304 | M145: =D145/H145 -> 0.60883672 | N145: 1.0588467 | O145: 217

Sheet ANOVA data
A1: Thermal Energy | B1: D-FWHM/G-FWHM | C1: R1 (ID/IG) | D1: AD/AG | E1: RBS | F1: Species
A2: kW/m2
A3: 20 | B3: 1.6260163 | C3: 0.51779783 | D3: 0.84194768 | E3: 217 | F3: Silvertop Ash
A4: 20 | B4: 1.5748031 | C4: 0.467523 | D4: 0.73625667 | E4: 219 | F4: Silvertop Ash
A5: 20 | B5: 1.8613861 | C5: 0.42901716 | D5: 0.79856345 | E5: 215 | F5: Silvertop Ash
A6: 20 | B6: 1.6806723 | C6: 0.53874906 | D6: 0.90546057 | E6: 221 | F6: Silvertop Ash
A7: 20 | B7: 1.7094017 | C7: 0.5457399 | D7: 0.93288874 | E7: 221 | F7: Silvertop Ash
A8: 20 | B8: 1.5748031 | C8: 0.57053366 | D8: 0.89847824 | E8: 219 | F8: Silvertop Ash
A9: 20 | B9: 1.459854 | C9: 0.5698708 | D9: 0.83192834 | E9: 219 | F9: Silvertop Ash
A10: 20 | B10: 1.5748031 | C10: 0.55225786 | D10: 0.86969721 | E10: 219 | F10: Silvertop Ash
A11: 20 | B11: 1.4388489 | C11: 0.51424303 | D11: 0.73991815 | E11: 221 | F11: Silvertop Ash
A12: 20 | B12: 1.5748031 | C12: 0.48873892 | D12: 0.76966732 | E12: 219 | F12: Silvertop Ash
A13: 20 | B13: 1.459854 | C13: 0.56106354 | D13: 0.81907081 | E13: 217 | F13: Silvertop Ash
A14: 20 | B14: 1.459854 | C14: 0.50764628 | D14: 0.74108954 | E14: 219 | F14: Silvertop Ash
... A145: 50 | B145: 1.7391304 | C145: 0.60883672 | D145: 1.0588467 | E145: 217 | F145: Spotted Gum

Sheet r using averages
B1: applied energy | C1: D-FWHM/G-FWHM | D1: R1 (ID/IG) | E1: AD/AG | F1: RBS
B2: 20 | C2: =AVERAGE(Calculations!L3:L19) -> 1.5260195 | D2: =AVERAGE(Calculations!M3:M19) -> 0.44113473 | E2: =AVERAGE(Calculations!N3:N19) -> 0.6818586 | F2: =AVERAGE(Calculations!O3:O19) -> 218.41176 | G2: Perasons Correlation | H2: =CORREL(B2:B6,C2:C6) -> 0.59261805 | I2: =CORREL(B2:B6,D2:D6) -> 0.74278948 | J2: =CORREL(B2:B6,E2:E6) -> 0.71743875 | K2: =CORREL(B2:B6,F2:F6) -> 0.41004183
B3: 25 | C3: =AVERAGE(Calculations!L20:L40) -> 1.7665862 | D3: =AVERAGE(Calculations!M20:M40) -> 0.69963243 | E3: =AVERAGE(Calculations!N20:N40) -> 1.2383269 | F3: =AVERAGE(Calculations!O20:O40) -> 222.71429 | G3: p value | H3: 0.292321 | I3: 0.150394 | J3: 0.172491 | K3: 0.49299
B4: 30 | C4: =AVERAGE(Calculations!L41:L60) -> 1.8198276 | D4: =AVERAGE(Calculations!M41:M60) -> 0.60011455 | E4: =AVERAGE(Calculations!N41:N60) -> 1.0928122 | F4: =AVERAGE(Calculations!O41:O60) -> 224.4 | H4: None of these results are significant at p < .05.
B5: 35 | C5: =AVERAGE(Calculations!L61:L80) -> 2.0618203 | D5: =AVERAGE(Calculations!M61:M80) -> 0.74609005 | E5: =AVERAGE(Calculations!N61:N80) -> 1.530806 | F5: =AVERAGE(Calculations!O61:O80) -> 226.3
B6: 50 | C6: =AVERAGE(Calculations!L81:L100) -> 1.8544316 | D6: =AVERAGE(Calculations!M81:M100) -> 0.75947918 | E6: =AVERAGE(Calculations!N81:N100) -> 1.4061297 | F6: =AVERAGE(Calculations!O81:O100) -> 222.5

Sheet Descriptive stats
B1: Thermal Energy | C1: Mean | D1: Std. Deviation | E1: Minimum | F1: Maximum
A2: D fwhm | B2: 20 | C2: 187.18 | D2: 22.45 | E2: 142 | F2: 200
B3: 25 | C3: 200 | D3: 0 | E3: 200 | F3: 200
B4: 30 | C4: 200 | D4: 0 | E4: 200 | F4: 200
B5: 35 | C5: 200 | D5: 0 | E5: 200 | F5: 200
B6: 50 | C6: 200 | D6: 0 | E6: 200 | F6: 200
C9: Mean | D9: Std. Deviation | E9: Minimum | F9: Maximum
B10: 20 | C10: 123 | D10: 14.32 | E10: 101 | F10: 147
A11: G_G fwhm | B11: 25 | C11: 113.48 | D11: 5.58 | E11: 101 | F11: 127
B12: 30 | C12: 111.1 | D12: 12.06 | E12: 93 | F12: 129
B13: 35 | C13: 97.5 | D13: 7.31 | E13: 85 | F13: 111
B14: 50 | C14: 108.2 | D14: 6.14 | E14: 91 | F14: 119
C17: Mean | D17: Std. Deviation | E17: Minimum | F17: Maximum
B18: 20 | C18: 0.44 | D18: 0.16 | E18: 0.16 | F18: 0.57
A19: R1 (ID/IG) | B19: 25 | C19: 0.7 | D19: 0.06 | E19: 0.53 | F19: 0.76
B20: 30 | C20: 0.6 | D20: 0.03 | E20: 0.53 | F20: 0.67
B21: 35 | C21: 0.75 | D21: 0.06 | E21: 0.63 | F21: 0.85
B22: 50 | C22: 0.76 | D22: 0.03 | E22: 0.68 | F22: 0.82
C26: Mean | D26: Std. Deviation | E26: Minimum | F26: Maximum
B27: 20 | C27: 0.68 | D27: 0.26 | E27: 0.22 | F27: 0.93
A28: AD/AG | B28: 25 | C28: 1.24 | D28: 0.14 | E28: 0.89 | F28: 1.39
B29: 30 | C29: 1.09 | D29: 0.13 | E29: 0.89 | F29: 1.32
B30: 35 | C30: 1.53 | D30: 0.05 | E30: 1.44 | F30: 1.65
B31: 50 | C31: 1.41 | D31: 0.06 | E31: 1.28 | F31: 1.52
C34: Mean | D34: Std. Deviation | E34: Minimum | F34: Maximum
B35: 20 | C35: 218.41 | D35: 2.09 | E35: 215 | F35: 221
A36: RBS | B36: 25 | C36: 222.71 | D36: 2.39 | E36: 219 | F36: 227
B37: 30 | C37: 224.4 | D37: 4.31 | E37: 219 | F37: 231
B38: 35 | C38: 226.3 | D38: 1.63 | E38: 223 | F38: 229
B39: 50 | C39: 222.5 | D39: 1.82 | E39: 219 | F39: 225
C42: Mean | D42: Std. Deviation | E42: Minimum | F42: Maximum
B43: 20 | C43: 1.53 | D43: 0.14 | E43: 1.33 | F43: 1.86
A44: Dfwhm/Gfwhm | B44: 25 | C44: 1.77 | D44: 0.09 | E44: 1.57 | F44: 1.98
B45: 30 | C45: 1.82 | D45: 0.19 | E45: 1.55 | F45: 2.15
B46: 35 | C46: 2.06 | D46: 0.15 | E46: 1.8 | F46: 2.35
B47: 50 | C47: 1.85 | D47: 0.11 | E47: 1.68 | F47: 2.2
